EIN,Name,City,Classification Code,Name_Length,Name_Word_Count,city_freq,state_freq,city_freq_log,state_freq_log,State_CA,State_DC,State_FL,State_MA,State_MD,State_ME,State_NH,State_NJ,State_NY,State_SC,State_TX,State_VT,Class_Prefix_GR,Class_Prefix_PC,Class_Prefix_PF,Class_Prefix_PO,Class_Prefix_SO,Class_Prefix_UN,Name_Length_Bin_long,Name_Length_Bin_medium
10283351,Chebeague Island Council,Chebeague Island,PC,24,3,-0.5920219254460324,0.2481267638050747,-1.0348499941084262,0.245389214790446,False,False,False,False,False,True,False,False,False,False,False,False,False,True,False,False,False,False,False,True
10220759,Warren Memorial Foundation,Westbrook,POF,26,3,-0.1156094317931093,0.2481267638050747,0.4094648284784829,0.245389214790446,False,False,False,False,False,True,False,False,False,False,False,False,False,False,False,True,False,False,False,True
10131335,Oak Grove Cemetery Asso,Gardiner,EO,23,4,-0.3538156786195708,0.2481267638050747,-0.0802098231884803,0.245389214790446,False,False,False,False,False,True,False,False,False,False,False,False,False,False,False,False,False,False,False,True
10211803,Plummer Memorial Hospital,Dexter,PF,25,3,-0.5126198431705452,0.2481267638050747,-0.6124149888838903,0.245389214790446,False,False,False,False,False,True,False,False,False,False,False,False,False,False,True,False,False,False,False,True
10234428,Mt. Pleasant Cemetery Assoc,Eliot,EO,27,4,-0.5126198431705452,0.2481267638050747,-0.6124149888838903,0.245389214790446,False,False,False,False,False,True,False,False,False,False,False,False,False,False,False,False,False,False,False,True
10339602,First Universalist Church,Rockland,PC,25,3,-0.2744135963440836,0.2481267638050747,0.1097424224095641,0.245389214790446,False,False,False,False,False,True,False,False,False,False,False,False,False,True,False,False,False,False,False,True
10270690,Natural Resources Council Inc.,Augusta,PC,30,4,0.043194732757865,0.2481267638050747,0.6419475881049745,0.245389214790446,False,False,False,False,False,True,False,False,False,False,False,False,False,True,False,False,False,False,False,True
10211526,Maine Council of Churches,Portland,PC,25,4,2.901669694675403,0.2481267638050747,2.2318737979032623,0.245389214790446,False,False,False,False,False,True,False,False,False,False,False,False,False,True,False,False,False,False,False,True
10213833,Longfellow Garden Club Inc.,Portland,PC,27,4,2.901669694675403,0.2481267638050747,2.2318737979032623,0.245389214790446,False,False,False,False,False,True,False,False,False,False,False,False,False,True,False,False,False,False,False,True
10321143,Acadia Repertory Theatre Inc.,Mount Desert,PC,29,4,-0.3538156786195708,0.2481267638050747,-0.0802098231884803,0.245389214790446,False,False,False,False,False,True,False,False,False,False,False,False,False,True,False,False,False,False,False,True
10243548,Haystack Mountain School of Crafts,Deer Isle,PC,34,5,-0.5126198431705452,0.2481267638050747,-0.6124149888838903,0.245389214790446,False,False,False,False,False,True,False,False,False,False,False,False,False,True,False,False,False,False,True,False
10205019,Riverside Cemetery Corporation,Ft Fairfield,EO,30,3,-0.5126198431705452,0.2481267638050747,-0.6124149888838903,0.245389214790446,False,False,False,False,False,True,False,False,False,False,False,False,False,False,False,False,False,False,False,True
10247548,The Clarence E Mulford Trust,Fryeburg,PF,28,5,-0.433217760895058,0.2481267638050747,-0.3126925828149715,0.245389214790446,False,False,False,False,False,True,False,False,False,False,False,False,False,False,True,False,False,False,False,True
10347153,Congregational Church of South Bridgton,Bridgton,PC,39,5,-0.433217760895058,0.2481267638050747,-0.3126925828149715,0.245389214790446,False,False,False,False,False,True,False,False,False,False,False,False,False,True,False,False,False,False,True,False
10002847,Hulls Cove Neighborhood Association,Mount Desert,PC,35,4,-0.3538156786195708,0.2481267638050747,-0.0802098231884803,0.245389214790446,False,False,False,False,False,True,False,False,False,False,False,False,False,True,False,False,False,False,True,False
10345597,Whitefield Cemetery Corporation,Whitefield,EO,31,3,-0.5920219254460324,0.2481267638050747,-1.0348499941084262,0.245389214790446,False,False,False,False,False,True,False,False,False,False,False,False,False,False,False,False,False,False,True,False
10219828,Old Orchard Beach Free Public Library Association,Old Orchd Bch,PC,49,7,-0.5920219254460324,0.2481267638050747,-1.0348499941084262,0.245389214790446,False,False,False,False,False,True,False,False,False,False,False,False,False,True,False,False,False,False,True,False
10212438,Maine Central Institute,Pittsfield,PC,23,3,-0.5920219254460324,0.2481267638050747,-1.0348499941084262,0.245389214790446,False,False,False,False,False,True,False,False,False,False,False,False,False,True,False,False,False,False,False,True
10211536,North Yarmouth Academy,Yarmouth,PC,22,3,-0.2744135963440836,0.2481267638050747,0.1097424224095641,0.245389214790446,False,False,False,False,False,True,False,False,False,False,False,False,False,True,False,False,False,False,False,True
10211481,Bangor Childrens Home,Bangor,PC,21,3,1.2342259668901727,0.2481267638050747,1.59658775902492,0.245389214790446,False,False,False,False,False,True,False,False,False,False,False,False,False,True,False,False,False,False,False,True
10239549,The Grand Council of Royal and Select Masters of the State,Gardiner,"EO,LODGE",58,11,-0.3538156786195708,0.2481267638050747,-0.0802098231884803,0.245389214790446,False,False,False,False,False,True,False,False,False,False,False,False,False,False,False,False,False,False,True,False
1347537,Restoration of Hope Church Ministries,Roxbury,PC,37,5,-0.5920219254460324,-3.9840190891673744,-1.0348499941084262,-3.2284673584027197,False,False,False,True,False,False,False,False,False,False,False,False,False,True,False,False,False,False,True,False
10347213,Dance in Maine,Orrs Island,PC,14,3,-0.5920219254460324,0.2481267638050747,-1.0348499941084262,0.245389214790446,False,False,False,False,False,True,False,False,False,False,False,False,False,True,False,False,False,False,False,True
10317698,Calais Methodist Home Inc.,Calais,PC,26,4,-0.5126198431705452,0.2481267638050747,-0.6124149888838903,0.245389214790446,False,False,False,False,False,True,False,False,False,False,False,False,False,True,False,False,False,False,False,True
10242095,Robert W Traip Trust,Kittery,SOUNK,20,4,-0.3538156786195708,0.2481267638050747,-0.0802098231884803,0.245389214790446,False,False,False,False,False,True,False,False,False,False,False,False,False,False,False,False,True,False,False,True
10227184,Androscoggin Home Health Services Inc.,Lewiston,PC,38,5,0.3608030618598137,0.2481267638050747,0.9925021689866312,0.245389214790446,False,False,False,False,False,True,False,False,False,False,False,False,False,True,False,False,False,False,True,False
10319802,Spurwink Services Incorporated,Portland,PC,30,3,2.901669694675403,0.2481267638050747,2.2318737979032623,0.245389214790446,False,False,False,False,False,True,False,False,False,False,False,False,False,True,False,False,False,False,False,True
10315296,Avesta Housing Development Corporation,Portland,PC,38,4,2.901669694675403,0.2481267638050747,2.2318737979032623,0.245389214790446,False,False,False,False,False,True,False,False,False,False,False,False,False,True,False,False,False,False,True,False
10317103,Seniorsplus,Lewiston,PC,11,1,0.3608030618598137,0.2481267638050747,0.9925021689866312,0.245389214790446,False,False,False,False,False,True,False,False,False,False,False,False,False,True,False,False,False,False,False,True
10222130,Fairview Hospital Inc.,Skowhegan,PC,22,3,-0.1156094317931093,0.2481267638050747,0.4094648284784829,0.245389214790446,False,False,False,False,False,True,False,False,False,False,False,False,False,True,False,False,False,False,False,True
10214019,Ogunquit Memorial Library,Ogunquit,PC,25,3,-0.5126198431705452,0.2481267638050747,-0.6124149888838903,0.245389214790446,False,False,False,False,False,True,False,False,False,False,False,False,False,True,False,False,False,False,False,True
10244457,New England Electric Railway Historical Society,Kennebunkport,PC,47,6,-0.5126198431705452,0.2481267638050747,-0.6124149888838903,0.245389214790446,False,False,False,False,False,True,False,False,False,False,False,False,False,True,False,False,False,False,True,False
10223755,Berwick Academy Trustees,South Berwick,PC,24,3,-0.5920219254460324,0.2481267638050747,-1.0348499941084262,0.245389214790446,False,False,False,False,False,True,False,False,False,False,False,False,False,True,False,False,False,False,False,True
10267492,Portland Chevra Kadisha A Maine Nonprofit Corp - T13-B,Portland,PC,54,9,2.901669694675403,0.2481267638050747,2.2318737979032623,0.245389214790446,False,False,False,False,False,True,False,False,False,False,False,False,False,True,False,False,False,False,True,False
10348331,Chocolate Church Arts Center,Bath,PC,28,4,0.043194732757865,0.2481267638050747,0.6419475881049745,0.245389214790446,False,False,False,False,False,True,False,False,False,False,False,False,False,True,False,False,False,False,False,True
10145133,Prouts Neck Association,Scarborough,PC,23,3,-0.2744135963440836,0.2481267638050747,0.1097424224095641,0.245389214790446,False,False,False,False,False,True,False,False,False,False,False,False,False,True,False,False,False,False,False,True
10340868,Buckfield Rescue Unit Inc.,Buckfield,PC,26,4,-0.5920219254460324,0.2481267638050747,-1.0348499941084262,0.245389214790446,False,False,False,False,False,True,False,False,False,False,False,False,False,True,False,False,False,False,False,True
10140283,Pine Grove Cemetery Association,Brunswick,EO,31,4,-0.1156094317931093,0.2481267638050747,0.4094648284784829,0.245389214790446,False,False,False,False,False,True,False,False,False,False,False,False,False,False,False,False,False,False,True,False
852649,Bethany Presbyterian Church,Brookline,PC,27,3,-0.5920219254460324,-3.9840190891673744,-1.0348499941084262,-3.2284673584027197,False,False,False,True,False,False,False,False,False,False,False,False,False,True,False,False,False,False,False,True
2237333,Lincoln Loan Fund,Fayetteville,SOUNK,17,3,-0.5920219254460324,-4.0666423270779,-1.0348499941084262,-4.80386466751719,False,False,False,False,False,False,False,False,False,False,False,False,False,False,False,False,True,False,False,True
10248064,Camden Area Senior Assistance,Camden,POF,29,4,-0.1950115140685965,0.2481267638050747,0.2703447576931766,0.245389214790446,False,False,False,False,False,True,False,False,False,False,False,False,False,False,False,True,False,False,False,True
10270233,Blue Hill Society for Aid to Children Inc.,Blue Hill,PC,42,8,-0.1950115140685965,0.2481267638050747,0.2703447576931766,0.245389214790446,False,False,False,False,False,True,False,False,False,False,False,False,False,True,False,False,False,False,True,False
10272879,Skills Inc.,Saint Albans,PC,11,2,-0.5920219254460324,0.2481267638050747,-1.0348499941084262,0.245389214790446,False,False,False,False,False,True,False,False,False,False,False,False,False,True,False,False,False,False,False,True
10202467,Mount Desert Island Biological Laboratory,Salsbury Cove,PC,41,5,-0.5920219254460324,0.2481267638050747,-1.0348499941084262,0.245389214790446,False,False,False,False,False,True,False,False,False,False,False,False,False,True,False,False,False,False,True,False
10211545,Portland Seamens Friend Society,Windham,POF,31,4,-0.433217760895058,0.2481267638050747,-0.3126925828149715,0.245389214790446,False,False,False,False,False,True,False,False,False,False,False,False,False,False,False,True,False,False,True,False
10344382,Coopers Mills Volunteer Fire Department,Coopers Mills,PC,39,5,-0.5920219254460324,0.2481267638050747,-1.0348499941084262,0.245389214790446,False,False,False,False,False,True,False,False,False,False,False,False,False,True,False,False,False,False,True,False
10085716,Hancock County Agricultural Society,Blue Hill,PC,35,4,-0.1950115140685965,0.2481267638050747,0.2703447576931766,0.245389214790446,False,False,False,False,False,True,False,False,False,False,False,False,False,True,False,False,False,False,True,False
10227281,William Fogg Public Library,Eliot,PC,27,4,-0.5126198431705452,0.2481267638050747,-0.6124149888838903,0.245389214790446,False,False,False,False,False,True,False,False,False,False,False,False,False,True,False,False,False,False,False,True
10342762,Androscoggin Historical Society,Lewiston,PC,31,3,0.3608030618598137,0.2481267638050747,0.9925021689866312,0.245389214790446,False,False,False,False,False,True,False,False,False,False,False,False,False,True,False,False,False,False,True,False
10327007,Bethel Historical Society,Bethel,PC,25,3,-0.5126198431705452,0.2481267638050747,-0.6124149888838903,0.245389214790446,False,False,False,False,False,True,False,False,False,False,False,False,False,True,False,False,False,False,False,True
10211777,Abbe Museum,Bar Harbor,PC,11,2,0.043194732757865,0.2481267638050747,0.6419475881049745,0.245389214790446,False,False,False,False,False,True,False,False,False,False,False,False,False,True,False,False,False,False,False,True
635913,Ministerio Apostolico Jesucristo Es El Senor Inc.,Lawrence,PC,49,7,-0.5920219254460324,-3.9840190891673744,-1.0348499941084262,-3.2284673584027197,False,False,False,True,False,False,False,False,False,False,False,False,False,True,False,False,False,False,True,False
10285906,For Developmental Resources,Portland,PF,27,3,2.901669694675403,0.2481267638050747,2.2318737979032623,0.245389214790446,False,False,False,False,False,True,False,False,False,False,False,False,False,False,True,False,False,False,False,True
10276859,Aroostook Mental Health Services Inc.,Presque Isle,PC,37,5,-0.1156094317931093,0.2481267638050747,0.4094648284784829,0.245389214790446,False,False,False,False,False,True,False,False,False,False,False,False,False,True,False,False,False,False,True,False
10245341,Cornelia Warren Community Assn Inc.,Vero Beach,PC,35,5,-0.5920219254460324,-4.0666423270779,-1.0348499941084262,-4.80386466751719,False,False,True,False,False,False,False,False,False,False,False,False,False,True,False,False,False,False,True,False
10344605,Waterville Area Boys & Girls Club,Waterville,PC,33,6,0.043194732757865,0.2481267638050747,0.6419475881049745,0.245389214790446,False,False,False,False,False,True,False,False,False,False,False,False,False,True,False,False,False,False,True,False
10328376,Eastern Agency on Aging,Brewer,PC,23,4,-0.3538156786195708,0.2481267638050747,-0.0802098231884803,0.245389214790446,False,False,False,False,False,True,False,False,False,False,False,False,False,True,False,False,False,False,False,True
10211565,Waynflete School,Portland,PC,16,2,2.901669694675403,0.2481267638050747,2.2318737979032623,0.245389214790446,False,False,False,False,False,True,False,False,False,False,False,False,False,True,False,False,False,False,False,True
10315847,Halfway House Inc.,Portland,PC,18,3,2.901669694675403,0.2481267638050747,2.2318737979032623,0.245389214790446,False,False,False,False,False,True,False,False,False,False,False,False,False,True,False,False,False,False,False,True
10327860,Childrens Nursery School,Portland,PC,24,3,2.901669694675403,0.2481267638050747,2.2318737979032623,0.245389214790446,False,False,False,False,False,True,False,False,False,False,False,False,False,True,False,False,False,False,False,True
10213361,Rockland District Nursing Assn Inc.,Rockland,PC,35,5,-0.2744135963440836,0.2481267638050747,0.1097424224095641,0.245389214790446,False,False,False,False,False,True,False,False,False,False,False,False,False,True,False,False,False,False,True,False
10319131,Sigma Delta Pi,Charleston,PC,14,3,-0.5920219254460324,-4.0666423270779,-1.0348499941084262,-4.80386466751719,False,False,False,False,False,False,False,False,False,True,False,False,False,True,False,False,False,False,False,True
10213987,Wardwell Home for the Aging,Saco,POF,27,5,-0.2744135963440836,0.2481267638050747,0.1097424224095641,0.245389214790446,False,False,False,False,False,True,False,False,False,False,False,False,False,False,False,True,False,False,False,True
10024907,Bar Harbor Village Improvement Association,Bar Harbor,POF,42,5,0.043194732757865,0.2481267638050747,0.6419475881049745,0.245389214790446,False,False,False,False,False,True,False,False,False,False,False,False,False,False,False,True,False,False,True,False
10346613,Northeast Occupational Exchange Inc.,Bangor,PC,36,4,1.2342259668901727,0.2481267638050747,1.59658775902492,0.245389214790446,False,False,False,False,False,True,False,False,False,False,False,False,False,True,False,False,False,False,True,False
10339251,Stonington Public Library,Stonington,PC,25,3,-0.5920219254460324,0.2481267638050747,-1.0348499941084262,0.245389214790446,False,False,False,False,False,True,False,False,False,False,False,False,False,True,False,False,False,False,False,True
587764,Iglesia Bethesda Inc.,Lowell,PC,21,3,-0.5920219254460324,-3.9840190891673744,-1.0348499941084262,-3.2284673584027197,False,False,False,True,False,False,False,False,False,False,False,False,False,True,False,False,False,False,False,True
10315000,Portland Electrical Joint Apprenticeship & Training Fund,Lewiston,PC,56,7,0.3608030618598137,0.2481267638050747,0.9925021689866312,0.245389214790446,False,False,False,False,False,True,False,False,False,False,False,False,False,True,False,False,False,False,True,False
10262260,Bridge Academy,Dresden,PC,14,2,-0.5920219254460324,0.2481267638050747,-1.0348499941084262,0.245389214790446,False,False,False,False,False,True,False,False,False,False,False,False,False,True,False,False,False,False,False,True
10211798,Mount Desert Nursing Association,Ne Harbor,PC,32,4,-0.3538156786195708,0.2481267638050747,-0.0802098231884803,0.245389214790446,False,False,False,False,False,True,False,False,False,False,False,False,False,True,False,False,False,False,True,False
10217639,Wayfinder Schools,Camden,PC,17,2,-0.1950115140685965,0.2481267638050747,0.2703447576931766,0.245389214790446,False,False,False,False,False,True,False,False,False,False,False,False,False,True,False,False,False,False,False,True
10211807,Sweetser,Saco,PC,8,1,-0.2744135963440836,0.2481267638050747,0.1097424224095641,0.245389214790446,False,False,False,False,False,True,False,False,False,False,False,False,False,True,False,False,False,False,False,False
10340111,East Millinocket Housing Corp,E Millinocket,PC,29,4,-0.5920219254460324,0.2481267638050747,-1.0348499941084262,0.245389214790446,False,False,False,False,False,True,False,False,False,False,False,False,False,True,False,False,False,False,False,True
10095329,Improved Order of Redmen of Maine,Sebago,"EO,GROUP,LODGE",33,6,-0.5126198431705452,0.2481267638050747,-0.6124149888838903,0.245389214790446,False,False,False,False,False,True,False,False,False,False,False,False,False,False,False,False,False,False,True,False
10017496,Agamenticus Yacht Club of York,York Harbor,PC,30,5,-0.5126198431705452,0.2481267638050747,-0.6124149888838903,0.245389214790446,False,False,False,False,False,True,False,False,False,False,False,False,False,True,False,False,False,False,False,True
10205722,Brookside Cemetery Association Inc.,Mount Desert,EO,35,4,-0.3538156786195708,0.2481267638050747,-0.0802098231884803,0.245389214790446,False,False,False,False,False,True,False,False,False,False,False,False,False,False,False,False,False,False,True,False
10315849,Aroostook County Action Program Inc.,Presque Isle,PC,36,5,-0.1156094317931093,0.2481267638050747,0.4094648284784829,0.245389214790446,False,False,False,False,False,True,False,False,False,False,False,False,False,True,False,False,False,False,True,False
10219829,Sarah Frye Home,Auburn,PC,15,3,-0.1950115140685965,0.2481267638050747,0.2703447576931766,0.245389214790446,False,False,False,False,False,True,False,False,False,False,False,False,False,True,False,False,False,False,False,True
10215915,Hancock County Trustees of Public Reservations,Ellsworth,PC,46,6,-0.1950115140685965,0.2481267638050747,0.2703447576931766,0.245389214790446,False,False,False,False,False,True,False,False,False,False,False,False,False,True,False,False,False,False,True,False
10224532,Friend Memorial Public Library Inc.,Brooklin,PC,35,5,-0.5920219254460324,0.2481267638050747,-1.0348499941084262,0.245389214790446,False,False,False,False,False,True,False,False,False,False,False,False,False,True,False,False,False,False,True,False
10219126,Lincoln Academy,Newcastle,PC,15,2,-0.5126198431705452,0.2481267638050747,-0.6124149888838903,0.245389214790446,False,False,False,False,False,True,False,False,False,False,False,False,False,True,False,False,False,False,False,True
10237303,Riverside Cemetery Association,Lewiston,EO,30,3,0.3608030618598137,0.2481267638050747,0.9925021689866312,0.245389214790446,False,False,False,False,False,True,False,False,False,False,False,False,False,False,False,False,False,False,False,True
10342596,Bar Harbor Historical Society Inc.,Bar Harbor,PC,34,5,0.043194732757865,0.2481267638050747,0.6419475881049745,0.245389214790446,False,False,False,False,False,True,False,False,False,False,False,False,False,True,False,False,False,False,True,False
10345862,Project Feed,Portland,PC,12,2,2.901669694675403,0.2481267638050747,2.2318737979032623,0.245389214790446,False,False,False,False,False,True,False,False,False,False,False,False,False,True,False,False,False,False,False,True
10226346,Deborah Lincoln House,Belfast,POF,21,3,-0.2744135963440836,0.2481267638050747,0.1097424224095641,0.245389214790446,False,False,False,False,False,True,False,False,False,False,False,False,False,False,False,True,False,False,False,True
10205005,Martin-Klein American Legion Post 133,Fort Kent,EO,37,5,-0.5126198431705452,0.2481267638050747,-0.6124149888838903,0.245389214790446,False,False,False,False,False,True,False,False,False,False,False,False,False,False,False,False,False,False,True,False
10271579,Southwest Harbor-Tremont Nursing Service Inc.,Southwest Hbr,PC,45,5,-0.433217760895058,0.2481267638050747,-0.3126925828149715,0.245389214790446,False,False,False,False,False,True,False,False,False,False,False,False,False,True,False,False,False,False,True,False
10211569,YWCA of Mount Desert Island,Bar Harbor,PC,27,5,0.043194732757865,0.2481267638050747,0.6419475881049745,0.245389214790446,False,False,False,False,False,True,False,False,False,False,False,False,False,True,False,False,False,False,False,True
10275875,McH Inc.,Rockland,PC,8,2,-0.2744135963440836,0.2481267638050747,0.1097424224095641,0.245389214790446,False,False,False,False,False,True,False,False,False,False,False,False,False,True,False,False,False,False,False,False
10346448,Mount Desert Isle Chapter of the National Society of the Daughters,Ne Harbor,PC,66,11,-0.3538156786195708,0.2481267638050747,-0.0802098231884803,0.245389214790446,False,False,False,False,False,True,False,False,False,False,False,False,False,True,False,False,False,False,True,False
10278395,Woodfords Family Service,Westbrook,PC,24,3,-0.1156094317931093,0.2481267638050747,0.4094648284784829,0.245389214790446,False,False,False,False,False,True,False,False,False,False,False,False,False,True,False,False,False,False,False,True
10287022,Theater at Monmouth,Monmouth,PC,19,3,-0.5920219254460324,0.2481267638050747,-1.0348499941084262,0.245389214790446,False,False,False,False,False,True,False,False,False,False,False,False,False,True,False,False,False,False,False,True
10221136,Maine Parent Teacher Association Inc.,Windham,GROUP,37,5,-0.433217760895058,0.2481267638050747,-0.3126925828149715,0.245389214790446,False,False,False,False,False,True,False,False,False,False,False,False,True,False,False,False,False,False,True,False
10345491,Andover Historical Society,Andover,PC,26,3,-0.5920219254460324,0.2481267638050747,-1.0348499941084262,0.245389214790446,False,False,False,False,False,True,False,False,False,False,False,False,False,True,False,False,False,False,False,True
10215919,Junior League of Portland Maine Inc.,Portland,PC,36,6,2.901669694675403,0.2481267638050747,2.2318737979032623,0.245389214790446,False,False,False,False,False,True,False,False,False,False,False,False,False,True,False,False,False,False,True,False
10275026,Belfast Curling Club Inc.,Belfast,PC,25,4,-0.2744135963440836,0.2481267638050747,0.1097424224095641,0.245389214790446,False,False,False,False,False,True,False,False,False,False,False,False,False,True,False,False,False,False,False,True
10282849,Kittery Art Association,Kittery,PC,23,3,-0.3538156786195708,0.2481267638050747,-0.0802098231884803,0.245389214790446,False,False,False,False,False,True,False,False,False,False,False,False,False,True,False,False,False,False,False,True
10345031,Goodnews Bible Church Inc.,Poland,PC,26,4,-0.5920219254460324,0.2481267638050747,-1.0348499941084262,0.245389214790446,False,False,False,False,False,True,False,False,False,False,False,False,False,True,False,False,False,False,False,True
10215686,Rice Public Library,Kittery,PC,19,3,-0.3538156786195708,0.2481267638050747,-0.0802098231884803,0.245389214790446,False,False,False,False,False,True,False,False,False,False,False,False,False,True,False,False,False,False,False,True
10211538,Camp O-At-Ka Inc.,Sebago,PC,17,3,-0.5126198431705452,0.2481267638050747,-0.6124149888838903,0.245389214790446,False,False,False,False,False,True,False,False,False,False,False,False,False,True,False,False,False,False,False,True
10246665,Ervin A Center Memorial Clinic Hospital,Steep Falls,PC,39,6,-0.5920219254460324,0.2481267638050747,-1.0348499941084262,0.245389214790446,False,False,False,False,False,True,False,False,False,False,False,False,False,True,False,False,False,False,True,False
10216837,Maine Seacoast Mission,Ne Harbor,PC,22,3,-0.3538156786195708,0.2481267638050747,-0.0802098231884803,0.245389214790446,False,False,False,False,False,True,False,False,False,False,False,False,False,True,False,False,False,False,False,True
10286639,Glad Tidings Church,Bangor,PC,19,3,1.2342259668901727,0.2481267638050747,1.59658775902492,0.245389214790446,False,False,False,False,False,True,False,False,False,False,False,False,False,True,False,False,False,False,False,True
10015091,Hanover Soccer Club Inc.,Cedar Knolls,PC,24,4,-0.5920219254460324,-4.048281607542227,-1.0348499941084262,-4.163311257869088,False,False,False,False,False,False,False,True,False,False,False,False,False,True,False,False,False,False,False,True
10265559,Kennebec Valley Mental Health Center,Waterville,PC,36,5,0.043194732757865,0.2481267638050747,0.6419475881049745,0.245389214790446,False,False,False,False,False,True,False,False,False,False,False,False,False,True,False,False,False,False,True,False
10267877,Kennebunk Beach Improvement Association,Kennebunk,PC,39,4,-0.1950115140685965,0.2481267638050747,0.2703447576931766,0.245389214790446,False,False,False,False,False,True,False,False,False,False,False,False,False,True,False,False,False,False,True,False
10228262,Northeast Hearing & Speech Center Inc.,Portland,PC,38,6,2.901669694675403,0.2481267638050747,2.2318737979032623,0.245389214790446,False,False,False,False,False,True,False,False,False,False,False,False,False,True,False,False,False,False,True,False
10222218,Hattie A & Fred C Lynam Trust 64,Concord,PF,32,8,-0.5920219254460324,-4.057461967310063,-1.0348499941084262,-4.429164943163973,False,False,False,False,False,False,True,False,False,False,False,False,False,False,True,False,False,False,True,False
10211500,Dyer Library Association,Saco,PC,24,3,-0.2744135963440836,0.2481267638050747,0.1097424224095641,0.245389214790446,False,False,False,False,False,True,False,False,False,False,False,False,False,True,False,False,False,False,False,True
10211483,Community Health and Counseling Services,Bangor,PC,40,5,1.2342259668901727,0.2481267638050747,1.59658775902492,0.245389214790446,False,False,False,False,False,True,False,False,False,False,False,False,False,True,False,False,False,False,True,False
10245261,Erskine Academy,China,PC,15,2,-0.5920219254460324,0.2481267638050747,-1.0348499941084262,0.245389214790446,False,False,False,False,False,True,False,False,False,False,False,False,False,True,False,False,False,False,False,True
10212442,Pine Tree Society Inc.,Bath,PC,22,4,0.043194732757865,0.2481267638050747,0.6419475881049745,0.245389214790446,False,False,False,False,False,True,False,False,False,False,False,False,False,True,False,False,False,False,False,True
10275156,Western Maine Community Action Inc.,East Wilton,PC,35,5,-0.5920219254460324,0.2481267638050747,-1.0348499941084262,0.245389214790446,False,False,False,False,False,True,False,False,False,False,False,False,False,True,False,False,False,False,True,False
10322290,Heritage Vivant-Living Heritage,Van Buren,PC,31,3,-0.5920219254460324,0.2481267638050747,-1.0348499941084262,0.245389214790446,False,False,False,False,False,True,False,False,False,False,False,False,False,True,False,False,False,False,True,False
10211537,Oak Grove School,E Vassalboro,PF,16,3,-0.5920219254460324,0.2481267638050747,-1.0348499941084262,0.245389214790446,False,False,False,False,False,True,False,False,False,False,False,False,False,False,True,False,False,False,False,True
10285920,East Grand Health Center Inc.,Danforth,PC,29,5,-0.5920219254460324,0.2481267638050747,-1.0348499941084262,0.245389214790446,False,False,False,False,False,True,False,False,False,False,False,False,False,True,False,False,False,False,False,True
10278132,Howard Hill Cemetery Corp,Ltl Deer is,EO,25,4,-0.5920219254460324,0.2481267638050747,-1.0348499941084262,0.245389214790446,False,False,False,False,False,True,False,False,False,False,False,False,False,False,False,False,False,False,False,True
10224898,Hebron Academy Incorporated,Hebron,PC,27,3,-0.5920219254460324,0.2481267638050747,-1.0348499941084262,0.245389214790446,False,False,False,False,False,True,False,False,False,False,False,False,False,True,False,False,False,False,False,True
10287624,H O M E Inc.,Orland,PC,12,5,-0.5920219254460324,0.2481267638050747,-1.0348499941084262,0.245389214790446,False,False,False,False,False,True,False,False,False,False,False,False,False,True,False,False,False,False,False,True
10282632,Bangor Half-Way House Inc.,Bangor,PC,26,4,1.2342259668901727,0.2481267638050747,1.59658775902492,0.245389214790446,False,False,False,False,False,True,False,False,False,False,False,False,False,True,False,False,False,False,False,True
10331517,Square and Compass Club,Warren,"EO,LODGE",23,4,-0.5920219254460324,0.2481267638050747,-1.0348499941084262,0.245389214790446,False,False,False,False,False,True,False,False,False,False,False,False,False,False,False,False,False,False,False,True
10339851,Regional Transportation Program Inc.,Westbrook,PC,36,4,-0.1156094317931093,0.2481267638050747,0.4094648284784829,0.245389214790446,False,False,False,False,False,True,False,False,False,False,False,False,False,True,False,False,False,False,True,False
10221132,D A Hurd Public Library Assoc,North Berwick,PC,29,6,-0.5920219254460324,0.2481267638050747,-1.0348499941084262,0.245389214790446,False,False,False,False,False,True,False,False,False,False,False,False,False,True,False,False,False,False,False,True
10343988,South Hope Community Church & Christian School Inc.,Hope,PC,51,8,-0.5920219254460324,0.2481267638050747,-1.0348499941084262,0.245389214790446,False,False,False,False,False,True,False,False,False,False,False,False,False,True,False,False,False,False,True,False
10263507,Central Aroostook Association,Presque Isle,PC,29,3,-0.1156094317931093,0.2481267638050747,0.4094648284784829,0.245389214790446,False,False,False,False,False,True,False,False,False,False,False,False,False,True,False,False,False,False,False,True
10191822,Department of Maine Veterans of Foreign Wars of the United States,Rumford,"EO,GROUP",65,11,-0.2744135963440836,0.2481267638050747,0.1097424224095641,0.245389214790446,False,False,False,False,False,True,False,False,False,False,False,False,False,False,False,False,False,False,True,False
10287586,Cushing Historical Society,Cushing,PC,26,3,-0.5920219254460324,0.2481267638050747,-1.0348499941084262,0.245389214790446,False,False,False,False,False,True,False,False,False,False,False,False,False,True,False,False,False,False,False,True
10124810,Mt. Hope Cemetery Corp,Bangor,EO,22,4,1.2342259668901727,0.2481267638050747,1.59658775902492,0.245389214790446,False,False,False,False,False,True,False,False,False,False,False,False,False,False,False,False,False,False,False,True
10248668,Hubbard Free Library,Hallowell,PC,20,3,-0.5920219254460324,0.2481267638050747,-1.0348499941084262,0.245389214790446,False,False,False,False,False,True,False,False,False,False,False,False,False,True,False,False,False,False,False,True
2296179,Religious Science Church Center of San Diego,San Diego,PC,44,7,-0.5920219254460324,-4.039101247774391,-1.0348499941084262,-3.9570991190274714,True,False,False,False,False,False,False,False,False,False,False,False,False,True,False,False,False,False,True,False
10286479,Lewiston Little League Playground,Lewiston,PC,33,4,0.3608030618598137,0.2481267638050747,0.9925021689866312,0.245389214790446,False,False,False,False,False,True,False,False,False,False,False,False,False,True,False,False,False,False,True,False
10346187,Fryeburg Historical Society,Fryeburg,PC,27,3,-0.433217760895058,0.2481267638050747,-0.3126925828149715,0.245389214790446,False,False,False,False,False,True,False,False,False,False,False,False,False,True,False,False,False,False,False,True
10180531,West Oxford Agricultural Society,Bridgton,PC,32,4,-0.433217760895058,0.2481267638050747,-0.3126925828149715,0.245389214790446,False,False,False,False,False,True,False,False,False,False,False,False,False,True,False,False,False,False,True,False
10207716,Victoria Mansion,Portland,PC,16,2,2.901669694675403,0.2481267638050747,2.2318737979032623,0.245389214790446,False,False,False,False,False,True,False,False,False,False,False,False,False,True,False,False,False,False,False,True
10229544,Jay-Niles Memorial Library Association,North Jay,PC,38,4,-0.5920219254460324,0.2481267638050747,-1.0348499941084262,0.245389214790446,False,False,False,False,False,True,False,False,False,False,False,False,False,True,False,False,False,False,True,False
10339631,Biddeford Youth Hockey Association,Biddeford,PC,34,4,-0.2744135963440836,0.2481267638050747,0.1097424224095641,0.245389214790446,False,False,False,False,False,True,False,False,False,False,False,False,False,True,False,False,False,False,True,False
10283465,Waterville Area YMCA,Waterville,PC,20,3,0.043194732757865,0.2481267638050747,0.6419475881049745,0.245389214790446,False,False,False,False,False,True,False,False,False,False,False,False,False,True,False,False,False,False,False,True
10212444,York Hospital,York,PC,13,2,-0.433217760895058,0.2481267638050747,-0.3126925828149715,0.245389214790446,False,False,False,False,False,True,False,False,False,False,False,False,False,True,False,False,False,False,False,True
10318674,Harrington Library Association,Harrington,PC,30,3,-0.5920219254460324,0.2481267638050747,-1.0348499941084262,0.245389214790446,False,False,False,False,False,True,False,False,False,False,False,False,False,True,False,False,False,False,False,True
10322532,Day One,Windham,PC,7,2,-0.433217760895058,0.2481267638050747,-0.3126925828149715,0.245389214790446,False,False,False,False,False,True,False,False,False,False,False,False,False,True,False,False,False,False,False,False
10186800,Young Mens Christian Association State of Maine,Winthrop,PC,47,7,-0.5126198431705452,0.2481267638050747,-0.6124149888838903,0.245389214790446,False,False,False,False,False,True,False,False,False,False,False,False,False,True,False,False,False,False,True,False
10243866,Maine Maritime Academy Alumni Association Incorporated,Castine,PC,54,6,-0.3538156786195708,0.2481267638050747,-0.0802098231884803,0.245389214790446,False,False,False,False,False,True,False,False,False,False,False,False,False,True,False,False,False,False,True,False
10283327,Gorham Cooperative Preschool,Gorham,PC,28,3,-0.433217760895058,0.2481267638050747,-0.3126925828149715,0.245389214790446,False,False,False,False,False,True,False,False,False,False,False,False,False,True,False,False,False,False,False,True
10323144,Greater Portland Christian School Association,S Portland,PC,45,5,-0.1156094317931093,0.2481267638050747,0.4094648284784829,0.245389214790446,False,False,False,False,False,True,False,False,False,False,False,False,False,True,False,False,False,False,True,False
10212437,McArthur Home for Aged People Assoc,Biddeford,PF,35,6,-0.2744135963440836,0.2481267638050747,0.1097424224095641,0.245389214790446,False,False,False,False,False,True,False,False,False,False,False,False,False,False,True,False,False,False,True,False
10223879,Skowhegan State Fair,Skowhegan,PC,20,3,-0.1156094317931093,0.2481267638050747,0.4094648284784829,0.245389214790446,False,False,False,False,False,True,False,False,False,False,False,False,False,True,False,False,False,False,False,True
10331180,Downeast Horizons Inc.,Bar Harbor,PC,22,3,0.043194732757865,0.2481267638050747,0.6419475881049745,0.245389214790446,False,False,False,False,False,True,False,False,False,False,False,False,False,True,False,False,False,False,False,True
10262323,Northern Maine General,Eagle Lake,PC,22,3,-0.5126198431705452,0.2481267638050747,-0.6124149888838903,0.245389214790446,False,False,False,False,False,True,False,False,False,False,False,False,False,True,False,False,False,False,False,True
10228468,Araxine Wilkins Sawyer Foundation Donald H Rose,Greene,POF,47,7,-0.5920219254460324,0.2481267638050747,-1.0348499941084262,0.245389214790446,False,False,False,False,False,True,False,False,False,False,False,False,False,False,False,True,False,False,True,False
10248549,State Street Baptist Church,Presque Isle,PC,27,4,-0.1156094317931093,0.2481267638050747,0.4094648284784829,0.245389214790446,False,False,False,False,False,True,False,False,False,False,False,False,False,True,False,False,False,False,False,True
10224769,Trustees of Thornton Academy,Saco,PC,28,4,-0.2744135963440836,0.2481267638050747,0.1097424224095641,0.245389214790446,False,False,False,False,False,True,False,False,False,False,False,False,False,True,False,False,False,False,False,True
10130865,Norway Pine Grove Cemetery Corp,Norway,EO,31,5,-0.433217760895058,0.2481267638050747,-0.3126925828149715,0.245389214790446,False,False,False,False,False,True,False,False,False,False,False,False,False,False,False,False,False,False,True,False
10220430,Lincoln Home,Newcastle,PC,12,2,-0.5126198431705452,0.2481267638050747,-0.6124149888838903,0.245389214790446,False,False,False,False,False,True,False,False,False,False,False,False,False,True,False,False,False,False,False,True
10212541,Animal Refuge League of Greater Portland,Westbrook,PC,40,6,-0.1156094317931093,0.2481267638050747,0.4094648284784829,0.245389214790446,False,False,False,False,False,True,False,False,False,False,False,False,False,True,False,False,False,False,True,False
10142590,The Portland Club,Portland,PC,17,3,2.901669694675403,0.2481267638050747,2.2318737979032623,0.245389214790446,False,False,False,False,False,True,False,False,False,False,False,False,False,True,False,False,False,False,False,True
1689178,Safe Haven Residential Services Inc.,Randolph,PC,36,5,-0.5920219254460324,-3.9840190891673744,-1.0348499941084262,-3.2284673584027197,False,False,False,True,False,False,False,False,False,False,False,False,False,True,False,False,False,False,True,False
10283334,South Blue Hill Cemetery Association Inc.,Blue Hill,EO,41,6,-0.1950115140685965,0.2481267638050747,0.2703447576931766,0.245389214790446,False,False,False,False,False,True,False,False,False,False,False,False,False,False,False,False,False,False,True,False
10319524,Maine Preservation,Yarmouth,PC,18,2,-0.2744135963440836,0.2481267638050747,0.1097424224095641,0.245389214790446,False,False,False,False,False,True,False,False,False,False,False,False,False,True,False,False,False,False,False,True
10223482,Millinocket Regional Hospital,Millinocket,PC,29,3,-0.5126198431705452,0.2481267638050747,-0.6124149888838903,0.245389214790446,False,False,False,False,False,True,False,False,False,False,False,False,False,True,False,False,False,False,False,True
10215910,Bangor Humane Society,Bangor,PC,21,3,1.2342259668901727,0.2481267638050747,1.59658775902492,0.245389214790446,False,False,False,False,False,True,False,False,False,False,False,False,False,True,False,False,False,False,False,True
10322531,Aroostook Area Agency on Aging Inc.,Presque Isle,PC,35,6,-0.1156094317931093,0.2481267638050747,0.4094648284784829,0.245389214790446,False,False,False,False,False,True,False,False,False,False,False,False,False,True,False,False,False,False,True,False
7764840,Tri-County Lighthouse Baptist Church & Ministries Inc.,Deerfield St.,PC,54,7,-0.5920219254460324,-4.048281607542227,-1.0348499941084262,-4.163311257869088,False,False,False,False,False,False,False,True,False,False,False,False,False,True,False,False,False,False,True,False
10338540,American Legion Auxiliary,Waldoboro,EO,25,3,-0.5126198431705452,0.2481267638050747,-0.6124149888838903,0.245389214790446,False,False,False,False,False,True,False,False,False,False,False,False,False,False,False,False,False,False,False,True
10011694,Massachusetts Moderators Association Inc.,Haverhill,PC,41,4,-0.5920219254460324,-3.9840190891673744,-1.0348499941084262,-3.2284673584027197,False,False,False,True,False,False,False,False,False,False,False,False,False,True,False,False,False,False,True,False
10266487,Weld Free Public Library Assn,Weld,PC,29,5,-0.5920219254460324,0.2481267638050747,-1.0348499941084262,0.245389214790446,False,False,False,False,False,True,False,False,False,False,False,False,False,True,False,False,False,False,False,True
10288129,Orono Health Association,Orono,PC,24,3,-0.3538156786195708,0.2481267638050747,-0.0802098231884803,0.245389214790446,False,False,False,False,False,True,False,False,False,False,False,False,False,True,False,False,False,False,False,True
10276098,Madawaska Public Library,Madawaska,PC,24,3,-0.5920219254460324,0.2481267638050747,-1.0348499941084262,0.245389214790446,False,False,False,False,False,True,False,False,False,False,False,False,False,True,False,False,False,False,False,True
10249983,Kennebunk Free Library Association,Kennebunk,PC,34,4,-0.1950115140685965,0.2481267638050747,0.2703447576931766,0.245389214790446,False,False,False,False,False,True,False,False,False,False,False,False,False,True,False,False,False,False,True,False
10280026,Maple Grove Cemetery Corporation,Islesboro,EO,32,4,-0.5126198431705452,0.2481267638050747,-0.6124149888838903,0.245389214790446,False,False,False,False,False,True,False,False,False,False,False,False,False,False,False,False,False,False,True,False
10211484,Bangor Theological Seminary,Portland,POF,27,3,2.901669694675403,0.2481267638050747,2.2318737979032623,0.245389214790446,False,False,False,False,False,True,False,False,False,False,False,False,False,False,False,True,False,False,False,True
10315931,Coastal Opportunities,Camden,PC,21,2,-0.1950115140685965,0.2481267638050747,0.2703447576931766,0.245389214790446,False,False,False,False,False,True,False,False,False,False,False,False,False,True,False,False,False,False,False,True
10221126,Castine Community Hospital,Castine,PC,26,3,-0.3538156786195708,0.2481267638050747,-0.0802098231884803,0.245389214790446,False,False,False,False,False,True,False,False,False,False,False,False,False,True,False,False,False,False,False,True
10346607,Lee Academy Alumni Assn,Lee,PC,23,4,-0.5126198431705452,0.2481267638050747,-0.6124149888838903,0.245389214790446,False,False,False,False,False,True,False,False,False,False,False,False,False,True,False,False,False,False,False,True
10149981,Riverside Cemetery Association of Brunswick Maine,Brunswick,EO,49,6,-0.1156094317931093,0.2481267638050747,0.4094648284784829,0.245389214790446,False,False,False,False,False,True,False,False,False,False,False,False,False,False,False,False,False,False,True,False
10285528,Levey Day School,Portland,PC,16,3,2.901669694675403,0.2481267638050747,2.2318737979032623,0.245389214790446,False,False,False,False,False,True,False,False,False,False,False,False,False,True,False,False,False,False,False,True
10269460,Chewonki Foundation Inc.,Wiscasset,PC,24,3,-0.3538156786195708,0.2481267638050747,-0.0802098231884803,0.245389214790446,False,False,False,False,False,True,False,False,False,False,False,False,False,True,False,False,False,False,False,True
10329792,Delta Ambulance Corp,Waterville,PC,20,3,0.043194732757865,0.2481267638050747,0.6419475881049745,0.245389214790446,False,False,False,False,False,True,False,False,False,False,False,False,False,True,False,False,False,False,False,True
10350004,Ossipee Valley Agricultural Society,Newfield,PC,35,4,-0.5920219254460324,0.2481267638050747,-1.0348499941084262,0.245389214790446,False,False,False,False,False,True,False,False,False,False,False,False,False,True,False,False,False,False,True,False
2067446,Usta National Junior Tennis League Inc.,White Plains,POF,39,6,-0.5920219254460324,-4.048281607542227,-1.0348499941084262,-4.163311257869088,False,False,False,False,False,False,False,False,True,False,False,False,False,False,False,True,False,False,True,False
10131950,Plant Memorial Home,Bath,POF,19,3,0.043194732757865,0.2481267638050747,0.6419475881049745,0.245389214790446,False,False,False,False,False,True,False,False,False,False,False,False,False,False,False,True,False,False,False,True
10211487,Bible Society of Maine,Westbrook,PC,22,4,-0.1156094317931093,0.2481267638050747,0.4094648284784829,0.245389214790446,False,False,False,False,False,True,False,False,False,False,False,False,False,True,False,False,False,False,False,True
10211485,Bangor Young Mens Christian Association,Bangor,PC,39,5,1.2342259668901727,0.2481267638050747,1.59658775902492,0.245389214790446,False,False,False,False,False,True,False,False,False,False,False,False,False,True,False,False,False,False,True,False
10285190,Smith Tobey Post N0 Twenty One of Dept of Maine American Legion Inc.,Bath,EO,68,13,0.043194732757865,0.2481267638050747,0.6419475881049745,0.245389214790446,False,False,False,False,False,True,False,False,False,False,False,False,False,False,False,False,False,False,True,False
10024645,Bangor Symphony Orchestra,Bangor,PC,25,3,1.2342259668901727,0.2481267638050747,1.59658775902492,0.245389214790446,False,False,False,False,False,True,False,False,False,False,False,False,False,True,False,False,False,False,False,True
10217324,History House Association Inc.,Skowhegan,PC,30,4,-0.1156094317931093,0.2481267638050747,0.4094648284784829,0.245389214790446,False,False,False,False,False,True,False,False,False,False,False,False,False,True,False,False,False,False,False,True
10268926,Topsham Public Library,Topsham,PC,22,3,-0.5126198431705452,0.2481267638050747,-0.6124149888838903,0.245389214790446,False,False,False,False,False,True,False,False,False,False,False,False,False,True,False,False,False,False,False,True
10153128,Greater Rumford Community Center,Rumford,PC,32,4,-0.2744135963440836,0.2481267638050747,0.1097424224095641,0.245389214790446,False,False,False,False,False,True,False,False,False,False,False,False,False,True,False,False,False,False,True,False
10133442,Oxford County Agricultural Society,Norway,PC,34,4,-0.433217760895058,0.2481267638050747,-0.3126925828149715,0.245389214790446,False,False,False,False,False,True,False,False,False,False,False,False,False,True,False,False,False,False,True,False
10278130,Memorial Ambulance Corps Isle Au Haut-Stonington-Deer Isle,Deer Isle,PC,58,7,-0.5126198431705452,0.2481267638050747,-0.6124149888838903,0.245389214790446,False,False,False,False,False,True,False,False,False,False,False,False,False,True,False,False,False,False,True,False
10281875,Eastern Maine Development Corporation,Bangor,PC,37,4,1.2342259668901727,0.2481267638050747,1.59658775902492,0.245389214790446,False,False,False,False,False,True,False,False,False,False,False,False,False,True,False,False,False,False,True,False
10272150,Harbor House Community Service Center,Southwest Hbr,PC,37,5,-0.433217760895058,0.2481267638050747,-0.3126925828149715,0.245389214790446,False,False,False,False,False,True,False,False,False,False,False,False,False,True,False,False,False,False,True,False
10347203,Maple Grove Elderly Housing Corporation,Portland,PC,39,5,2.901669694675403,0.2481267638050747,2.2318737979032623,0.245389214790446,False,False,False,False,False,True,False,False,False,False,False,False,False,True,False,False,False,False,True,False
10280557,First Congregational Church of Farmington,Farmington,PC,41,5,-0.3538156786195708,0.2481267638050747,-0.0802098231884803,0.245389214790446,False,False,False,False,False,True,False,False,False,False,False,False,False,True,False,False,False,False,True,False
10211502,Eastport Public Library Association,Eastport,PC,35,4,-0.5126198431705452,0.2481267638050747,-0.6124149888838903,0.245389214790446,False,False,False,False,False,True,False,False,False,False,False,False,False,True,False,False,False,False,True,False
10227085,Masonic Temple Assoc,Bangor,"EO,LODGE",20,3,1.2342259668901727,0.2481267638050747,1.59658775902492,0.245389214790446,False,False,False,False,False,True,False,False,False,False,False,False,False,False,False,False,False,False,False,True
10211810,University of New England,Biddeford,PC,25,4,-0.2744135963440836,0.2481267638050747,0.1097424224095641,0.245389214790446,False,False,False,False,False,True,False,False,False,False,False,False,False,True,False,False,False,False,False,True
10140295,Pine Grove Cemetery of Poland Maine Inc.,Mechanic Fls,EO,40,7,-0.5920219254460324,0.2481267638050747,-1.0348499941084262,0.245389214790446,False,False,False,False,False,True,False,False,False,False,False,False,False,False,False,False,False,False,True,False
10267392,Maine Childrens Home for Little Wanderers,Waterville,PC,41,6,0.043194732757865,0.2481267638050747,0.6419475881049745,0.245389214790446,False,False,False,False,False,True,False,False,False,False,False,False,False,True,False,False,False,False,True,False
10132625,Order of the Eastern Star of Maine,Gardiner,"EO,GROUP,LODGE",34,7,-0.3538156786195708,0.2481267638050747,-0.0802098231884803,0.245389214790446,False,False,False,False,False,True,False,False,False,False,False,False,False,False,False,False,False,False,True,False
10279165,Camden Association for Handicapped Citizens,Camden,PC,43,5,-0.1950115140685965,0.2481267638050747,0.2703447576931766,0.245389214790446,False,False,False,False,False,True,False,False,False,False,False,False,False,True,False,False,False,False,True,False
10271477,Maine Maritime Museum,Bath,PC,21,3,0.043194732757865,0.2481267638050747,0.6419475881049745,0.245389214790446,False,False,False,False,False,True,False,False,False,False,False,False,False,True,False,False,False,False,False,True
10243254,Morrison Center,Scarborough,PC,15,2,-0.2744135963440836,0.2481267638050747,0.1097424224095641,0.245389214790446,False,False,False,False,False,True,False,False,False,False,False,False,False,True,False,False,False,False,False,True
10345844,East Lebanon Vol Fire Department Inc.,Lebanon,PC,37,6,-0.5920219254460324,0.2481267638050747,-1.0348499941084262,0.245389214790446,False,False,False,False,False,True,False,False,False,False,False,False,False,True,False,False,False,False,True,False
10261134,Dean Hill Cemetery Improvement Association,Orrington,EO,42,5,-0.5920219254460324,0.2481267638050747,-1.0348499941084262,0.245389214790446,False,False,False,False,False,True,False,False,False,False,False,False,False,False,False,False,False,False,True,False
10339973,Hollis Center Library Association,Hollis Center,PC,33,4,-0.5920219254460324,0.2481267638050747,-1.0348499941084262,0.245389214790446,False,False,False,False,False,True,False,False,False,False,False,False,False,True,False,False,False,False,True,False
10349310,Iam-3rivers Inc.,Orono,PC,16,2,-0.3538156786195708,0.2481267638050747,-0.0802098231884803,0.245389214790446,False,False,False,False,False,True,False,False,False,False,False,False,False,True,False,False,False,False,False,True
10271210,Husson University,Bangor,PC,17,2,1.2342259668901727,0.2481267638050747,1.59658775902492,0.245389214790446,False,False,False,False,False,True,False,False,False,False,False,False,False,True,False,False,False,False,False,True
10215227,Rumford Hospital,Rumford,PC,16,2,-0.2744135963440836,0.2481267638050747,0.1097424224095641,0.245389214790446,False,False,False,False,False,True,False,False,False,False,False,False,False,True,False,False,False,False,False,True
10249577,Breakwater Learning,Portland,PC,19,2,2.901669694675403,0.2481267638050747,2.2318737979032623,0.245389214790446,False,False,False,False,False,True,False,False,False,False,False,False,False,True,False,False,False,False,False,True
10283068,Trinitarian Parish Church,Castine,PC,25,3,-0.3538156786195708,0.2481267638050747,-0.0802098231884803,0.245389214790446,False,False,False,False,False,True,False,False,False,False,False,False,False,True,False,False,False,False,False,True
10227440,Educational Bureau,Ocean Park,PC,18,2,-0.433217760895058,0.2481267638050747,-0.3126925828149715,0.245389214790446,False,False,False,False,False,True,False,False,False,False,False,False,False,True,False,False,False,False,False,True
10279587,Waypoint Maine Inc.,Sanford,PC,19,3,-0.433217760895058,0.2481267638050747,-0.3126925828149715,0.245389214790446,False,False,False,False,False,True,False,False,False,False,False,False,False,True,False,False,False,False,False,True
10321284,The Bible Speaks,Natick,PC,16,3,-0.5920219254460324,-3.9840190891673744,-1.0348499941084262,-3.2284673584027197,False,False,False,True,False,False,False,False,False,False,False,False,False,True,False,False,False,False,False,True
10237244,Lee Academy,Lee,PC,11,2,-0.5126198431705452,0.2481267638050747,-0.6124149888838903,0.245389214790446,False,False,False,False,False,True,False,False,False,False,False,False,False,True,False,False,False,False,False,True
10280221,Community Living Association,Houlton,SOUNK,28,3,-0.433217760895058,0.2481267638050747,-0.3126925828149715,0.245389214790446,False,False,False,False,False,True,False,False,False,False,False,False,False,False,False,False,True,False,False,True
10329748,Waldoboro Public Library,Waldoboro,PC,24,3,-0.5126198431705452,0.2481267638050747,-0.6124149888838903,0.245389214790446,False,False,False,False,False,True,False,False,False,False,False,False,False,True,False,False,False,False,False,True
10340467,Oakland Area Historical Society,Oakland,PC,31,4,-0.5126198431705452,0.2481267638050747,-0.6124149888838903,0.245389214790446,False,False,False,False,False,True,False,False,False,False,False,False,False,True,False,False,False,False,True,False
10339295,Maine Humanities Council,Portland,PC,24,3,2.901669694675403,0.2481267638050747,2.2318737979032623,0.245389214790446,False,False,False,False,False,True,False,False,False,False,False,False,False,True,False,False,False,False,False,True
10224627,Boothbay Harbor Memorial Library Association,Boothbay Hbr,PC,44,5,-0.5126198431705452,0.2481267638050747,-0.6124149888838903,0.245389214790446,False,False,False,False,False,True,False,False,False,False,False,False,False,True,False,False,False,False,True,False
10328098,Whitneyville Library and Whatnot Association Inc.,Whitneyville,PC,49,6,-0.5920219254460324,0.2481267638050747,-1.0348499941084262,0.245389214790446,False,False,False,False,False,True,False,False,False,False,False,False,False,True,False,False,False,False,True,False
10267988,Bristol Area Library Association,New Harbor,PC,32,4,-0.5920219254460324,0.2481267638050747,-1.0348499941084262,0.245389214790446,False,False,False,False,False,True,False,False,False,False,False,False,False,True,False,False,False,False,True,False
10285449,Southern Kennebec Child Development Corporation,Farmingdale,PC,47,5,-0.5920219254460324,0.2481267638050747,-1.0348499941084262,0.245389214790446,False,False,False,False,False,True,False,False,False,False,False,False,False,True,False,False,False,False,True,False
10211564,United Way of Androscoggin County Inc.,Lewiston,PC,38,6,0.3608030618598137,0.2481267638050747,0.9925021689866312,0.245389214790446,False,False,False,False,False,True,False,False,False,False,False,False,False,True,False,False,False,False,True,False
10324705,Susan L Curtis Charitable Foundation,Portland,PC,36,5,2.901669694675403,0.2481267638050747,2.2318737979032623,0.245389214790446,False,False,False,False,False,True,False,False,False,False,False,False,False,True,False,False,False,False,True,False
10211791,Seventy-Five State Street,Portland,PC,25,3,2.901669694675403,0.2481267638050747,2.2318737979032623,0.245389214790446,False,False,False,False,False,True,False,False,False,False,False,False,False,True,False,False,False,False,False,True
10247002,George Stevens Academy,Blue Hill,PC,22,3,-0.1950115140685965,0.2481267638050747,0.2703447576931766,0.245389214790446,False,False,False,False,False,True,False,False,False,False,False,False,False,True,False,False,False,False,False,True
10228297,Skidompha Library Assoc,Damariscotta,PC,23,3,-0.5920219254460324,0.2481267638050747,-1.0348499941084262,0.245389214790446,False,False,False,False,False,True,False,False,False,False,False,False,False,True,False,False,False,False,False,True
10287217,Corner Nursery School,Falmouth,PC,21,3,-0.433217760895058,0.2481267638050747,-0.3126925828149715,0.245389214790446,False,False,False,False,False,True,False,False,False,False,False,False,False,True,False,False,False,False,False,True
10340560,Yarmouth Senior Housing Inc.,Yarmouth,PC,28,4,-0.2744135963440836,0.2481267638050747,0.1097424224095641,0.245389214790446,False,False,False,False,False,True,False,False,False,False,False,False,False,True,False,False,False,False,False,True
10317771,Long Island Civic Association,Long Island,PC,29,4,-0.5920219254460324,0.2481267638050747,-1.0348499941084262,0.245389214790446,False,False,False,False,False,True,False,False,False,False,False,False,False,True,False,False,False,False,False,True
10277794,Pen Bay Behavioral Health,Belfast,PC,25,4,-0.2744135963440836,0.2481267638050747,0.1097424224095641,0.245389214790446,False,False,False,False,False,True,False,False,False,False,False,False,False,True,False,False,False,False,False,True
10346944,Freeport Historical Society,Freeport,PC,27,3,-0.5126198431705452,0.2481267638050747,-0.6124149888838903,0.245389214790446,False,False,False,False,False,True,False,False,False,False,False,False,False,True,False,False,False,False,False,True
10263908,Skowhegan School of Painting and Sculpture Inc.,New York,PC,47,7,-0.5920219254460324,-4.048281607542227,-1.0348499941084262,-4.163311257869088,False,False,False,False,False,False,False,False,True,False,False,False,False,True,False,False,False,False,True,False
10211811,Kennebec Valley YMCA,Augusta,PC,20,3,0.043194732757865,0.2481267638050747,0.6419475881049745,0.245389214790446,False,False,False,False,False,True,False,False,False,False,False,False,False,True,False,False,False,False,False,True
10130427,Bridgton Hospital,Bridgton,PC,17,2,-0.433217760895058,0.2481267638050747,-0.3126925828149715,0.245389214790446,False,False,False,False,False,True,False,False,False,False,False,False,False,True,False,False,False,False,False,True
10339085,The First Congregational Society in Edgecomb,Edgecomb,PC,44,6,-0.5920219254460324,0.2481267638050747,-1.0348499941084262,0.245389214790446,False,False,False,False,False,True,False,False,False,False,False,False,False,True,False,False,False,False,True,False
10277678,Kennebec Valley Community Action Program,Waterville,PC,40,5,0.043194732757865,0.2481267638050747,0.6419475881049745,0.245389214790446,False,False,False,False,False,True,False,False,False,False,False,False,False,True,False,False,False,False,True,False
10019709,Ancient Free & Accepted Masons of Maine,Houlton,"EO,LODGE",39,7,-0.433217760895058,0.2481267638050747,-0.3126925828149715,0.245389214790446,False,False,False,False,False,True,False,False,False,False,False,False,False,False,False,False,False,False,True,False
10340261,Howland Housing Corporation,Howland,PC,27,3,-0.5126198431705452,0.2481267638050747,-0.6124149888838903,0.245389214790446,False,False,False,False,False,True,False,False,False,False,False,False,False,True,False,False,False,False,False,True
10319671,Wellington Evangelican Community Church,Wellington,PC,39,4,-0.5920219254460324,0.2481267638050747,-1.0348499941084262,0.245389214790446,False,False,False,False,False,True,False,False,False,False,False,False,False,True,False,False,False,False,True,False
10319646,Georgetown Volunteer Fire Department Inc.,Georgetown,PC,41,5,-0.5920219254460324,0.2481267638050747,-1.0348499941084262,0.245389214790446,False,False,False,False,False,True,False,False,False,False,False,False,False,True,False,False,False,False,True,False
10315923,Brooksville Free Public Library Inc.,Brooksville,PC,36,5,-0.5920219254460324,0.2481267638050747,-1.0348499941084262,0.245389214790446,False,False,False,False,False,True,False,False,False,False,False,False,False,True,False,False,False,False,True,False
10231382,Springvale Public Library Association,Springvale,PC,37,4,-0.5126198431705452,0.2481267638050747,-0.6124149888838903,0.245389214790446,False,False,False,False,False,True,False,False,False,False,False,False,False,True,False,False,False,False,True,False
10280723,Creative Works,Westbrook,PC,14,2,-0.1156094317931093,0.2481267638050747,0.4094648284784829,0.245389214790446,False,False,False,False,False,True,False,False,False,False,False,False,False,True,False,False,False,False,False,True
10277845,Stanwood Wildlife Sanctuary,Ellsworth,PC,27,3,-0.1950115140685965,0.2481267638050747,0.2703447576931766,0.245389214790446,False,False,False,False,False,True,False,False,False,False,False,False,False,True,False,False,False,False,False,True
10216657,Sanford Library Association,Sanford,PC,27,3,-0.433217760895058,0.2481267638050747,-0.3126925828149715,0.245389214790446,False,False,False,False,False,True,False,False,False,False,False,False,False,True,False,False,False,False,False,True
10338643,The Castine Womans Club,Castine,PC,23,4,-0.3538156786195708,0.2481267638050747,-0.0802098231884803,0.245389214790446,False,False,False,False,False,True,False,False,False,False,False,False,False,True,False,False,False,False,False,True
10149980,South Paris Riverside Cemetery,South Paris,EO,30,4,-0.5126198431705452,0.2481267638050747,-0.6124149888838903,0.245389214790446,False,False,False,False,False,True,False,False,False,False,False,False,False,False,False,False,False,False,False,True
10213976,Quarry Hill,Belfast,PC,11,2,-0.2744135963440836,0.2481267638050747,0.1097424224095641,0.245389214790446,False,False,False,False,False,True,False,False,False,False,False,False,False,True,False,False,False,False,False,True
10345888,Oxford County Mineral and Gem,Bryant Pond,PC,29,5,-0.5920219254460324,0.2481267638050747,-1.0348499941084262,0.245389214790446,False,False,False,False,False,True,False,False,False,False,False,False,False,True,False,False,False,False,False,True
10324317,Bremen Library Association,Bremen,PC,26,3,-0.5920219254460324,0.2481267638050747,-1.0348499941084262,0.245389214790446,False,False,False,False,False,True,False,False,False,False,False,False,False,True,False,False,False,False,False,True
10211512,Home for the Aged,Portland,PC,17,4,2.901669694675403,0.2481267638050747,2.2318737979032623,0.245389214790446,False,False,False,False,False,True,False,False,False,False,False,False,False,True,False,False,False,False,False,True
10313050,First Parish Cemetery Assoc -york Cemetery-,York,EO,43,6,-0.433217760895058,0.2481267638050747,-0.3126925828149715,0.245389214790446,False,False,False,False,False,True,False,False,False,False,False,False,False,False,False,False,False,False,True,False
10207022,Fairmount Cemetery Assoc,Presque Isle,EO,24,3,-0.1156094317931093,0.2481267638050747,0.4094648284784829,0.245389214790446,False,False,False,False,False,True,False,False,False,False,False,False,False,False,False,False,False,False,False,True
10211508,Good Will Home Association,Hinckley,PC,26,4,-0.5920219254460324,0.2481267638050747,-1.0348499941084262,0.245389214790446,False,False,False,False,False,True,False,False,False,False,False,False,False,True,False,False,False,False,False,True
10211507,Good Samaritan Agency,Bangor,PC,21,3,1.2342259668901727,0.2481267638050747,1.59658775902492,0.245389214790446,False,False,False,False,False,True,False,False,False,False,False,False,False,True,False,False,False,False,False,True
10278024,Independence Association Inc.,Brunswick,PC,29,3,-0.1156094317931093,0.2481267638050747,0.4094648284784829,0.245389214790446,False,False,False,False,False,True,False,False,False,False,False,False,False,True,False,False,False,False,False,True
10316964,Riley School Inc.,Rockport,PC,17,3,-0.5126198431705452,0.2481267638050747,-0.6124149888838903,0.245389214790446,False,False,False,False,False,True,False,False,False,False,False,False,False,True,False,False,False,False,False,True
10278623,Androscoggin Valley Council of Governments,Auburn,PC,42,5,-0.1950115140685965,0.2481267638050747,0.2703447576931766,0.245389214790446,False,False,False,False,False,True,False,False,False,False,False,False,False,True,False,False,False,False,True,False
10241767,United Way Inc.,Portland,PC,15,3,2.901669694675403,0.2481267638050747,2.2318737979032623,0.245389214790446,False,False,False,False,False,True,False,False,False,False,False,False,False,True,False,False,False,False,False,True
10211534,Mercy Hospital,Brewer,PC,14,2,-0.3538156786195708,0.2481267638050747,-0.0802098231884803,0.245389214790446,False,False,False,False,False,True,False,False,False,False,False,False,False,True,False,False,False,False,False,True
10174648,Order of the Eastern Star of New Hampshire Grand Chapter,Nashua,"EO,GROUP,LODGE",56,10,-0.5920219254460324,-4.057461967310063,-1.0348499941084262,-4.429164943163973,False,False,False,False,False,False,True,False,False,False,False,False,False,False,False,False,False,False,True,False
10350707,Portland Ovations,Portland,PC,17,2,2.901669694675403,0.2481267638050747,2.2318737979032623,0.245389214790446,False,False,False,False,False,True,False,False,False,False,False,False,False,True,False,False,False,False,False,True
10279335,Pierre Monteux Memorial Foundation,Hancock,PC,34,4,-0.5126198431705452,0.2481267638050747,-0.6124149888838903,0.245389214790446,False,False,False,False,False,True,False,False,False,False,False,False,False,True,False,False,False,False,True,False
10274898,Hope Association,Rumford,PC,16,2,-0.2744135963440836,0.2481267638050747,0.1097424224095641,0.245389214790446,False,False,False,False,False,True,False,False,False,False,False,False,False,True,False,False,False,False,False,True
10219135,Sunset Home of Waterville,Waterville,PF,25,4,0.043194732757865,0.2481267638050747,0.6419475881049745,0.245389214790446,False,False,False,False,False,True,False,False,False,False,False,False,False,False,True,False,False,False,False,True
10248780,Maine Audubon Society,Falmouth,PC,21,3,-0.433217760895058,0.2481267638050747,-0.3126925828149715,0.245389214790446,False,False,False,False,False,True,False,False,False,False,False,False,False,True,False,False,False,False,False,True
10288363,Crisis and Counseling Centers Inc.,Augusta,PC,34,5,0.043194732757865,0.2481267638050747,0.6419475881049745,0.245389214790446,False,False,False,False,False,True,False,False,False,False,False,False,False,True,False,False,False,False,True,False
10332476,Fuller Cemetery Association Inc.,North Haven,EO,32,4,-0.5920219254460324,0.2481267638050747,-1.0348499941084262,0.245389214790446,False,False,False,False,False,True,False,False,False,False,False,False,False,False,False,False,False,False,True,False
10132610,Orchard Grove Cemetery Association,Kittery,EO,34,4,-0.3538156786195708,0.2481267638050747,-0.0802098231884803,0.245389214790446,False,False,False,False,False,True,False,False,False,False,False,False,False,False,False,False,False,False,True,False
10211781,President and Trustees of Bates College,Lewiston,PC,39,6,0.3608030618598137,0.2481267638050747,0.9925021689866312,0.245389214790446,False,False,False,False,False,True,False,False,False,False,False,False,False,True,False,False,False,False,True,False
10104905,Laurel Hill Cemetery Association,Saco,EO,32,4,-0.2744135963440836,0.2481267638050747,0.1097424224095641,0.245389214790446,False,False,False,False,False,True,False,False,False,False,False,False,False,False,False,False,False,False,True,False
10342161,Lubec Historical Society Inc.,Lubec,PC,29,4,-0.5126198431705452,0.2481267638050747,-0.6124149888838903,0.245389214790446,False,False,False,False,False,True,False,False,False,False,False,False,False,True,False,False,False,False,False,True
10345704,Stockton Springs Historical Society Inc.,Stockton Spgs,PC,40,5,-0.5920219254460324,0.2481267638050747,-1.0348499941084262,0.245389214790446,False,False,False,False,False,True,False,False,False,False,False,False,False,True,False,False,False,False,True,False
10285516,Megunticook Watershed Association,Camden,PC,33,3,-0.1950115140685965,0.2481267638050747,0.2703447576931766,0.245389214790446,False,False,False,False,False,True,False,False,False,False,False,False,False,True,False,False,False,False,True,False
10277832,Simmons Foundation Inc.,Portland,PF,23,3,2.901669694675403,0.2481267638050747,2.2318737979032623,0.245389214790446,False,False,False,False,False,True,False,False,False,False,False,False,False,False,True,False,False,False,False,True
10348271,Acton Shapheigh Historical Society,Springvale,PC,34,4,-0.5126198431705452,0.2481267638050747,-0.6124149888838903,0.245389214790446,False,False,False,False,False,True,False,False,False,False,False,False,False,True,False,False,False,False,True,False
10212545,Maine State Society for the Protection of Animals,South Windham,PC,49,8,-0.5920219254460324,0.2481267638050747,-1.0348499941084262,0.245389214790446,False,False,False,False,False,True,False,False,False,False,False,False,False,True,False,False,False,False,True,False
10332201,Smart-Soucie Post 176 the American Legion Department of Maine,Eagle Lake,EO,61,9,-0.5126198431705452,0.2481267638050747,-0.6124149888838903,0.245389214790446,False,False,False,False,False,True,False,False,False,False,False,False,False,False,False,False,False,False,True,False
10230059,Mount Desert Larger Parish,Northeast Hbr,PC,26,4,-0.5920219254460324,0.2481267638050747,-1.0348499941084262,0.245389214790446,False,False,False,False,False,True,False,False,False,False,False,False,False,True,False,False,False,False,False,True
10341082,Aroostook County Historical and Art Museum of Houlton,Houlton,PC,53,8,-0.433217760895058,0.2481267638050747,-0.3126925828149715,0.245389214790446,False,False,False,False,False,True,False,False,False,False,False,False,False,True,False,False,False,False,True,False
10211517,Cedars Nursing Care Center Inc.,Portland,PC,31,5,2.901669694675403,0.2481267638050747,2.2318737979032623,0.245389214790446,False,False,False,False,False,True,False,False,False,False,False,False,False,True,False,False,False,False,True,False
10344891,Franklin County Animal Shelter,Farmington,PC,30,4,-0.3538156786195708,0.2481267638050747,-0.0802098231884803,0.245389214790446,False,False,False,False,False,True,False,False,False,False,False,False,False,True,False,False,False,False,False,True
10279387,Pine Tree Legal Assistance Inc.,Portland,PC,31,5,2.901669694675403,0.2481267638050747,2.2318737979032623,0.245389214790446,False,False,False,False,False,True,False,False,False,False,False,False,False,True,False,False,False,False,True,False
10140290,Pine Grove Cemetery Corp,Falmouth,EO,24,4,-0.433217760895058,0.2481267638050747,-0.3126925828149715,0.245389214790446,False,False,False,False,False,True,False,False,False,False,False,False,False,False,False,False,False,False,False,True
10348231,River of Life,Alfred,PC,13,3,-0.5126198431705452,0.2481267638050747,-0.6124149888838903,0.245389214790446,False,False,False,False,False,True,False,False,False,False,False,False,False,True,False,False,False,False,False,True
10211513,Jackson Laboratory,Bar Harbor,PC,18,2,0.043194732757865,0.2481267638050747,0.6419475881049745,0.245389214790446,False,False,False,False,False,True,False,False,False,False,False,False,False,True,False,False,False,False,False,True
10324011,Brunswick Regional Youth Orchestra,Yarmouth,PC,34,4,-0.2744135963440836,0.2481267638050747,0.1097424224095641,0.245389214790446,False,False,False,False,False,True,False,False,False,False,False,False,False,True,False,False,False,False,True,False
10019705,Ancient Free & Accepted Masons of Maine Grand Lodge,Holden,"EO,GROUP,LODGE",51,9,-0.5920219254460324,0.2481267638050747,-1.0348499941084262,0.245389214790446,False,False,False,False,False,True,False,False,False,False,False,False,False,False,False,False,False,False,True,False
10238760,Brick Store Museum,Kennebunk,PC,18,3,-0.1950115140685965,0.2481267638050747,0.2703447576931766,0.245389214790446,False,False,False,False,False,True,False,False,False,False,False,False,False,True,False,False,False,False,False,True
10215216,China Library Association Inc.,China Village,PF,30,4,-0.5920219254460324,0.2481267638050747,-1.0348499941084262,0.245389214790446,False,False,False,False,False,True,False,False,False,False,False,False,False,False,True,False,False,False,False,True
10268495,North Gorham Public Library Inc.,Gorham,PC,32,5,-0.433217760895058,0.2481267638050747,-0.3126925828149715,0.245389214790446,False,False,False,False,False,True,False,False,False,False,False,False,False,True,False,False,False,False,True,False
10211509,Gould Academy,Bethel,PC,13,2,-0.5126198431705452,0.2481267638050747,-0.6124149888838903,0.245389214790446,False,False,False,False,False,True,False,False,False,False,False,False,False,True,False,False,False,False,False,True
10211530,Maine Historical Society,Portland,PC,24,3,2.901669694675403,0.2481267638050747,2.2318737979032623,0.245389214790446,False,False,False,False,False,True,False,False,False,False,False,False,False,True,False,False,False,False,False,True
10343396,St. Louis Alumni Association Inc.,Biddeford,PF,33,5,-0.2744135963440836,0.2481267638050747,0.1097424224095641,0.245389214790446,False,False,False,False,False,True,False,False,False,False,False,False,False,False,True,False,False,False,True,False
10343943,Sexual Assault Response Services of Southern Maine,Portland,PC,50,7,2.901669694675403,0.2481267638050747,2.2318737979032623,0.245389214790446,False,False,False,False,False,True,False,False,False,False,False,False,False,True,False,False,False,False,True,False
10346055,Kennebunk Kennebunkport Athletic Boosters,Kennebunk,PC,41,4,-0.1950115140685965,0.2481267638050747,0.2703447576931766,0.245389214790446,False,False,False,False,False,True,False,False,False,False,False,False,False,True,False,False,False,False,True,False
10288757,Downeast Community Partners Inc.,Ellsworth,PC,32,4,-0.1950115140685965,0.2481267638050747,0.2703447576931766,0.245389214790446,False,False,False,False,False,True,False,False,False,False,False,False,False,True,False,False,False,False,True,False
10241528,Southwest Harbor Public Library,Southwest Hbr,PC,31,4,-0.433217760895058,0.2481267638050747,-0.3126925828149715,0.245389214790446,False,False,False,False,False,True,False,False,False,False,False,False,False,True,False,False,False,False,True,False
10211813,Penobscot Bay YMCA,Rockport,PC,18,3,-0.5126198431705452,0.2481267638050747,-0.6124149888838903,0.245389214790446,False,False,False,False,False,True,False,False,False,False,False,False,False,True,False,False,False,False,False,True
