feature,coef,abs_coef
Name_Length_Bin_long_False,3.1162565288132194,3.1162565288132194
Name_Length_Bin_long_True,-3.1082892344233586,3.1082892344233586
City_Windham,-0.9101532949071737,0.9101532949071737
Name_Sweetser,-0.9021614868381611,0.9021614868381611
Name_McH Inc.,-0.8775302236644504,0.8775302236644504
Name_Day One,-0.8737083905387852,0.8737083905387852
City_Rockland,-0.811252322697533,0.811252322697533
City_Saco,-0.6938288018114723,0.6938288018114723
Name_Word_Count,-0.34417188099714363,0.34417188099714363
city_freq,0.307738994748332,0.307738994748332
Name_Length,-0.2189788388883194,0.2189788388883194
city_freq_log,-0.19810763713121635,0.19810763713121635
City_Bath,0.13582823316305875,0.13582823316305875
City_Belfast,0.12988486534255608,0.12988486534255608
City_Bangor,0.12669518397153406,0.12669518397153406
City_Skowhegan,0.1156836737217097,0.1156836737217097
City_Falmouth,0.10084444239995925,0.10084444239995925
City_Castine,0.09915195131135786,0.09915195131135786
Class_Prefix_PC_False,0.09441746290987366,0.09441746290987366
Name_Trustees of Thornton Academy,0.08894887912046119,0.08894887912046119
Class_Prefix_PC_True,-0.08645016852001215,0.08645016852001215
Classification Code_PC,-0.08645016852001215,0.08645016852001215
City_Bar Harbor,0.08326716415107582,0.08326716415107582
City_Westbrook,0.08167828147247605,0.08167828147247605
City_Eliot,0.08000926018163265,0.08000926018163265
City_Yarmouth,0.07870255527260975,0.07870255527260975
Classification Code_PF,0.07866876574260691,0.07866876574260691
Class_Prefix_PF_True,0.07866876574260691,0.07866876574260691
Classification Code_EO,-0.07849117268787353,0.07849117268787353
Classification Code_POF,0.07840260609731618,0.07840260609731618
Class_Prefix_PO_True,0.07840260609731618,0.07840260609731618
Name_First Universalist Church,0.07822574506268663,0.07822574506268663
Classification Code_SOUNK,0.07507047156923478,0.07507047156923478
Class_Prefix_SO_True,0.07507047156923478,0.07507047156923478
City_Portland,0.07369544327602576,0.07369544327602576
City_Fryeburg,0.07338744963651707,0.07338744963651707
City_Southwest Hbr,-0.07114399664023852,0.07114399664023852
Class_Prefix_PF_False,-0.07070147135274508,0.07070147135274508
Class_Prefix_PO_False,-0.07043531170745448,0.07043531170745448
City_Sanford,0.07013020540956115,0.07013020540956115
Name_Dyer Library Association,0.06996713261845035,0.06996713261845035
Name_Wardwell Home for the Aging,0.06984471025335613,0.06984471025335613
City_Brewer,0.06829144613199041,0.06829144613199041
City_Lewiston,-0.06812629158573341,0.06812629158573341
Class_Prefix_SO_False,-0.06710317717937286,0.06710317717937286
"Classification Code_EO,GROUP,LODGE",-0.06521308905529909,0.06521308905529909
City_Waldoboro,0.06429419721422912,0.06429419721422912
City_Lee,0.06360945731767413,0.06360945731767413
City_Orono,0.06297015310418302,0.06297015310418302
City_Scarborough,0.06268403328520207,0.06268403328520207
Name_D A Hurd Public Library Assoc,0.06255236612721703,0.06255236612721703
City_North Berwick,0.06255236612721703,0.06255236612721703
City_Rockport,0.06156874457979405,0.06156874457979405
City_Augusta,0.0600811096946123,0.0600811096946123
City_Kittery,0.0595117177822207,0.0595117177822207
City_Bethel,0.05907571423141905,0.05907571423141905
City_Norway,-0.058529171250617955,0.058529171250617955
City_Springvale,-0.0577078985734307,0.0577078985734307
Name_YWCA of Mount Desert Island,0.056338451362421375,0.056338451362421375
City_York Harbor,0.0563125767052979,0.0563125767052979
Name_Agamenticus Yacht Club of York,0.0563125767052979,0.0563125767052979
City_Presque Isle,0.053095385930720634,0.053095385930720634
City_Bryant Pond,0.052584919804149005,0.052584919804149005
Name_Oxford County Mineral and Gem,0.052584919804149005,0.052584919804149005
City_Danforth,0.052582701622710365,0.052582701622710365
Name_East Grand Health Center Inc.,0.052582701622710365,0.052582701622710365
City_Weld,0.05258198508369378,0.05258198508369378
Name_Weld Free Public Library Assn,0.05258198508369378,0.05258198508369378
Name_Acadia Repertory Theatre Inc.,0.0516170886338838,0.0516170886338838
Name_Natural Resources Council Inc.,0.05072152568852373,0.05072152568852373
Name_Franklin County Animal Shelter,0.05061630367786864,0.05061630367786864
Name_University of New England,0.0502143115486675,0.0502143115486675
Name_History House Association Inc.,0.048380128871766556,0.048380128871766556
City_Newcastle,0.048231117400996566,0.048231117400996566
Name_Whitefield Cemetery Corporation,-0.04803284145168416,0.04803284145168416
City_Whitefield,-0.04803284145168416,0.04803284145168416
Name_State Street Baptist Church,0.047932837773212354,0.047932837773212354
Name_Yarmouth Senior Housing Inc.,0.04763942467062955,0.04763942467062955
Name_Avesta Housing Development Corporation,-0.04722596961989348,0.04722596961989348
Name_Lubec Historical Society Inc.,0.046443537842524044,0.046443537842524044
City_Lubec,0.046443537842524044,0.046443537842524044
State_NY_False,0.0461939793357608,0.0461939793357608
Name_Chocolate Church Arts Center,0.045817404874879356,0.045817404874879356
Name_Cedars Nursing Care Center Inc.,-0.04506242634892707,0.04506242634892707
Name_Pine Tree Legal Assistance Inc.,-0.04505858078739345,0.04505858078739345
City_Biddeford,-0.044455599724513316,0.044455599724513316
Name_Independence Association Inc.,0.0440911887970459,0.0440911887970459
City_E Millinocket,0.04406323410493194,0.04406323410493194
Name_East Millinocket Housing Corp,0.04406323410493194,0.04406323410493194
City_Long Island,0.04406224431045362,0.04406224431045362
Name_Long Island Civic Association,0.04406224431045362,0.04406224431045362
Name_Calais Methodist Home Inc.,0.04394108945319062,0.04394108945319062
City_Calais,0.04394108945319062,0.04394108945319062
Name_William Fogg Public Library,0.04323528660800002,0.04323528660800002
Name_Eastern Agency on Aging,0.04304003120247989,0.04304003120247989
City_Cedar Knolls,0.04297534720386322,0.04297534720386322
Name_Hanover Soccer Club Inc.,0.04297534720386322,0.04297534720386322
Name_Pen Bay Behavioral Health,0.04289881696335666,0.04289881696335666
Name_Belfast Curling Club Inc.,0.04289865093042888,0.04289865093042888
Name_Bible Society of Maine,0.04273460716403079,0.04273460716403079
Name_Stanwood Wildlife Sanctuary,0.04212273291576814,0.04212273291576814
City_Poland,0.041652748941621305,0.041652748941621305
Name_Goodnews Bible Church Inc.,0.041652748941621305,0.041652748941621305
City_Buckfield,0.04165258349600151,0.04165258349600151
Name_Buckfield Rescue Unit Inc.,0.04165258349600151,0.04165258349600151
City_Northeast Hbr,0.0416481972435005,0.0416481972435005
Name_Mount Desert Larger Parish,0.0416481972435005,0.0416481972435005
City_Hinckley,0.04164746621788394,0.04164746621788394
Name_Good Will Home Association,0.04164746621788394,0.04164746621788394
Name_Central Aroostook Association,0.04162149253314869,0.04162149253314869
Name_The Castine Womans Club,0.041599478273252416,0.041599478273252416
City_Van Buren,-0.04118967126877812,0.04118967126877812
Name_Heritage Vivant-Living Heritage,-0.04118967126877812,0.04118967126877812
Name_Lee Academy Alumni Assn,0.040937948177563806,0.040937948177563806
Name_Susan L Curtis Charitable Foundation,-0.04081712714427049,0.04081712714427049
Name_Pine Tree Society Inc.,0.04063553942105764,0.04063553942105764
City_Kennebunk,-0.0406175801594295,0.0406175801594295
Name_South Paris Riverside Cemetery,0.04051997502378475,0.04051997502378475
City_South Paris,0.04051997502378475,0.04051997502378475
Name_Gorham Cooperative Preschool,0.04051775318672929,0.04051775318672929
Name_Riverside Cemetery Association,0.03969002092847156,0.03969002092847156
Name_Fuller Cemetery Association Inc.,-0.0393326401805919,0.0393326401805919
City_North Haven,-0.0393326401805919,0.0393326401805919
Name_H O M E Inc.,0.03897107133187714,0.03897107133187714
City_Orland,0.03897107133187714,0.03897107133187714
City_Millinocket,0.038950709243496126,0.038950709243496126
Name_Millinocket Regional Hospital,0.038950709243496126,0.038950709243496126
Name_George Stevens Academy,0.03883402500432696,0.03883402500432696
Name_Maple Grove Elderly Housing Corporation,-0.03854696030232881,0.03854696030232881
City_Brookline,0.03845921822984906,0.03845921822984906
Name_Bethany Presbyterian Church,0.03845921822984906,0.03845921822984906
Name_Oak Grove Cemetery Asso,0.03833222038605526,0.03833222038605526
State_NY_True,-0.03822668494589902,0.03822668494589902
Name_Bangor Half-Way House Inc.,0.03799341132940354,0.03799341132940354
Name_Sanford Library Association,0.0378057739977412,0.0378057739977412
Name_Harrington Library Association,0.037626210983983,0.037626210983983
City_Harrington,0.037626210983983,0.037626210983983
Name_Freeport Historical Society,0.037507766694425605,0.037507766694425605
City_Freeport,0.037507766694425605,0.037507766694425605
Name_Howland Housing Corporation,0.03750742841580714,0.03750742841580714
City_Howland,0.03750742841580714,0.03750742841580714
Name_Maine Seacoast Mission,0.037419596825279205,0.037419596825279205
City_Wiscasset,0.03741451589546079,0.03741451589546079
Name_Chewonki Foundation Inc.,0.03741451589546079,0.03741451589546079
Name_Megunticook Watershed Association,-0.037349999493985375,0.037349999493985375
Name_Fryeburg Historical Society,0.037348597245133494,0.037348597245133494
Name_Maple Grove Cemetery Corporation,-0.03728378093758577,0.03728378093758577
City_Islesboro,-0.03728378093758577,0.03728378093758577
Name_Woodfords Family Service,0.03703264405142577,0.03703264405142577
Name_St. Louis Alumni Association Inc.,-0.03699615866644518,0.03699615866644518
Name_Orchard Grove Cemetery Association,-0.03677935168680683,0.03677935168680683
Name_Mt. Pleasant Cemetery Assoc,0.03677397357363261,0.03677397357363261
Name_Brick Store Museum,0.03676396483517925,0.03676396483517925
Name_Castine Community Hospital,0.03674902781024352,0.03674902781024352
Name_Orono Health Association,0.036673553796944876,0.036673553796944876
State_NH_False,0.03660482287421405,0.03660482287421405
Name_Prouts Neck Association,0.03648424960406406,0.03648424960406406
Name_Northeast Occupational Exchange Inc.,-0.03644247969712911,0.03644247969712911
Name_Androscoggin Historical Society,-0.036322929762793915,0.036322929762793915
Name_Pine Grove Cemetery Association,-0.03629407652742099,0.03629407652742099
Name_Delta Ambulance Corp,0.036255242643238456,0.036255242643238456
Name_Waterville Area YMCA,0.03625259688675859,0.03625259688675859
Name_Kittery Art Association,0.036201111536807565,0.036201111536807565
City_Ogunquit,0.03612352427665662,0.03612352427665662
Name_Ogunquit Memorial Library,0.03612352427665662,0.03612352427665662
City_Deer Isle,-0.03604898131810415,0.03604898131810415
Name_The Clarence E Mulford Trust,0.03603885239138357,0.03603885239138357
Name_Trinitarian Parish Church,0.03602127094281227,0.03602127094281227
Name_Eastern Maine Development Corporation,-0.035720285366500466,0.035720285366500466
Name_Bethel Historical Society,0.03551112975990142,0.03551112975990142
City_Hebron,0.03550586615057149,0.03550586615057149
Name_Hebron Academy Incorporated,0.03550586615057149,0.03550586615057149
Name_Downeast Horizons Inc.,0.03541018770788826,0.03541018770788826
Name_Pine Grove Cemetery Corp,0.0353837518216319,0.0353837518216319
Name_North Yarmouth Academy,0.03522787824757037,0.03522787824757037
City_Ltl Deer is,0.03484683940700291,0.03484683940700291
Name_Howard Hill Cemetery Corp,0.03484683940700291,0.03484683940700291
Name_Andover Historical Society,0.03484253357023724,0.03484253357023724
City_Andover,0.03484253357023724,0.03484253357023724
Name_Bremen Library Association,0.034841567912675224,0.034841567912675224
City_Bremen,0.034841567912675224,0.034841567912675224
City_Cushing,0.03483989551266219,0.03483989551266219
Name_Cushing Historical Society,0.03483989551266219,0.03483989551266219
Name_Kennebec Valley YMCA,0.03469218227064168,0.03469218227064168
Name_Waldoboro Public Library,0.034522021205666706,0.034522021205666706
Name_Northern Maine General,0.034438565202952916,0.034438565202952916
City_Lowell,0.034309758167309495,0.034309758167309495
Name_Iglesia Bethesda Inc.,0.034309758167309495,0.034309758167309495
Name_Fairview Hospital Inc.,0.03429802601821398,0.03429802601821398
City_Stonington,0.034190491256975784,0.034190491256975784
Name_Stonington Public Library,0.034190491256975784,0.034190491256975784
Name_Topsham Public Library,0.03418409632663472,0.03418409632663472
City_Topsham,0.03418409632663472,0.03418409632663472
Name_Bar Harbor Village Improvement Association,-0.034171321822468924,0.034171321822468924
Name_Brookside Cemetery Association Inc.,-0.03411345887009793,0.03411345887009793
Name_Junior League of Portland Maine Inc.,-0.03404811708178199,0.03404811708178199
City_Camden,0.03388642245682627,0.03388642245682627
Name_Riverside Cemetery Corporation,0.03383205528666176,0.03383205528666176
City_Ft Fairfield,0.03383205528666176,0.03383205528666176
City_Chebeague Island,0.033553007349743494,0.033553007349743494
Name_Chebeague Island Council,0.033553007349743494,0.033553007349743494
Name_Madawaska Public Library,0.03355269968521524,0.03355269968521524
City_Madawaska,0.03355269968521524,0.03355269968521524
City_South Berwick,0.03355048306288456,0.03355048306288456
Name_Berwick Academy Trustees,0.03355048306288456,0.03355048306288456
Name_Bristol Area Library Association,-0.0335365639772891,0.0335365639772891
City_New Harbor,-0.0335365639772891,0.0335365639772891
Name_Rice Public Library,0.03352728092803488,0.03352728092803488
Name_Camden Area Senior Assistance,0.03345489267516442,0.03345489267516442
Name_Maine Maritime Museum,0.03318541192478486,0.03318541192478486
Name_Sarah Frye Home,0.03308390063642474,0.03308390063642474
Name_Skowhegan State Fair,0.033005518831729176,0.033005518831729176
Name_Skidompha Library Assoc,0.032931775375046574,0.032931775375046574
City_Damariscotta,0.032931775375046574,0.032931775375046574
City_Pittsfield,0.03293112772347628,0.03293112772347628
Name_Maine Central Institute,0.03293112772347628,0.03293112772347628
Name_Hollis Center Library Association,-0.03286654784906159,0.03286654784906159
City_Hollis Center,-0.03286654784906159,0.03286654784906159
Name_Northeast Hearing & Speech Center Inc.,-0.03276471335871663,0.03276471335871663
Name_Corner Nursery School,0.0327313087326036,0.0327313087326036
Name_Maine Audubon Society,0.03272938184572373,0.03272938184572373
Name_Oakland Area Historical Society,-0.03244496977446783,0.03244496977446783
City_Oakland,-0.03244496977446783,0.03244496977446783
Name_Waypoint Maine Inc.,0.032324431411819954,0.032324431411819954
Name_Camp O-At-Ka Inc.,0.03204020624819652,0.03204020624819652
Name_Fairmount Cemetery Assoc,0.031804076885731364,0.031804076885731364
Name_Ossipee Valley Agricultural Society,-0.031588433573694515,0.031588433573694515
City_Newfield,-0.031588433573694515,0.031588433573694515
Name_The Bible Speaks,0.031506747984892315,0.031506747984892315
City_Natick,0.031506747984892315,0.031506747984892315
Name_Brunswick Regional Youth Orchestra,-0.031435861129017154,0.031435861129017154
Name_Hubbard Free Library,0.031166142522857338,0.031166142522857338
City_Hallowell,0.031166142522857338,0.031166142522857338
Name_Penobscot Bay YMCA,0.03107029161830177,0.03107029161830177
Name_Mount Desert Nursing Association,-0.030955368430615905,0.030955368430615905
State_NJ_True,0.030937447047167943,0.030937447047167943
Name_Greater Rumford Community Center,-0.030926132094438216,0.030926132094438216
Name_Bangor Symphony Orchestra,0.03091047216000224,0.03091047216000224
Name_West Oxford Agricultural Society,-0.03090055544345802,0.03090055544345802
City_Warren,0.030830660368698342,0.030830660368698342
Name_Square and Compass Club,0.030830660368698342,0.030830660368698342
Name_Sunset Home of Waterville,0.030793495798680036,0.030793495798680036
State_SC_True,0.030742467972489182,0.030742467972489182
Name_Sigma Delta Pi,0.030742467972489182,0.030742467972489182
City_Charleston,0.030742467972489182,0.030742467972489182
Name_Theater at Monmouth,0.030606879218383263,0.030606879218383263
City_Monmouth,0.030606879218383263,0.030606879218383263
City_Hancock,-0.030519572670202798,0.030519572670202798
Name_Pierre Monteux Memorial Foundation,-0.030519572670202798,0.030519572670202798
Name_Riley School Inc.,0.030498452961492263,0.030498452961492263
Name_Southwest Harbor Public Library,-0.03041547126025578,0.03041547126025578
Name_Downeast Community Partners Inc.,-0.03035247202681687,0.03035247202681687
Name_Coastal Opportunities,0.030308036725726014,0.030308036725726014
State_FL_False,0.02995710394935328,0.02995710394935328
Name_Eastport Public Library Association,-0.02991654931127997,0.02991654931127997
City_Eastport,-0.02991654931127997,0.02991654931127997
Name_Regional Transportation Program Inc.,-0.029825573302589874,0.029825573302589874
Name_Norway Pine Grove Cemetery Corp,-0.029822732128918995,0.029822732128918995
City_North Jay,-0.02980943189484453,0.02980943189484453
Name_Jay-Niles Memorial Library Association,-0.02980943189484453,0.02980943189484453
Name_Acton Shapheigh Historical Society,-0.02977276243572668,0.02977276243572668
Name_American Legion Auxiliary,0.029772176008562433,0.029772176008562433
Name_McArthur Home for Aged People Assoc,-0.029640348631074568,0.029640348631074568
Name_Mt. Hope Cemetery Corp,0.02962367195917573,0.02962367195917573
Name_China Library Association Inc.,0.02949654869190359,0.02949654869190359
City_China Village,0.02949654869190359,0.02949654869190359
City_Wellington,-0.029245631458973253,0.029245631458973253
Name_Wellington Evangelican Community Church,-0.029245631458973253,0.029245631458973253
City_Alfred,0.0291191537789225,0.0291191537789225
Name_River of Life,0.0291191537789225,0.0291191537789225
Name_Hulls Cove Neighborhood Association,-0.028927289458001056,0.028927289458001056
Name_Longfellow Garden Club Inc.,0.028724511885915082,0.028724511885915082
Name_Oxford County Agricultural Society,-0.02870643912169895,0.02870643912169895
State_NH_True,-0.028637528484352286,0.028637528484352286
City_Farmington,0.028613410840669845,0.028613410840669845
Name_Bangor Humane Society,0.028525824040499963,0.028525824040499963
Name_Good Samaritan Agency,0.02852558867658131,0.02852558867658131
Name_Bangor Childrens Home,0.02852558728689292,0.02852558728689292
Name_Bridgton Hospital,0.028499529168801555,0.028499529168801555
Name_Lewiston Little League Playground,-0.028482237199893914,0.028482237199893914
Name_Bangor Young Mens Christian Association,-0.028390959967240132,0.028390959967240132
Name_Martin-Klein American Legion Post 133,-0.02820882532268863,0.02820882532268863
City_Fort Kent,-0.02820882532268863,0.02820882532268863
Name_Wayfinder Schools,0.028087983454167076,0.028087983454167076
Name_Biddeford Youth Hockey Association,-0.028033403975661068,0.028033403975661068
Name_Kennebunk Free Library Association,-0.028008938715947812,0.028008938715947812
Name_Dance in Maine,0.027993196026531792,0.027993196026531792
City_Orrs Island,0.027993196026531792,0.027993196026531792
Name_Hope Association,0.027988364217109294,0.027988364217109294
Name_Rumford Hospital,0.027985450584284175,0.027985450584284175
Name_Hancock County Agricultural Society,-0.027953389020352274,0.027953389020352274
Name_Springvale Public Library Association,-0.027935136137704014,0.027935136137704014
Name_Community Health and Counseling Services,-0.027848192180570882,0.027848192180570882
City_Ocean Park,0.02754956131385501,0.02754956131385501
Name_Educational Bureau,0.02754956131385501,0.02754956131385501
Name_Maine Council of Churches,0.027488819924754403,0.027488819924754403
Name_Glad Tidings Church,0.02743548287794975,0.02743548287794975
Name_Jackson Laboratory,0.02740333845850338,0.02740333845850338
Name_Maine Preservation,0.027271113483426996,0.027271113483426996
Name_Dean Hill Cemetery Improvement Association,-0.02721522587341366,0.02721522587341366
City_Orrington,-0.02721522587341366,0.02721522587341366
Name_Community Living Association,0.026600835890276397,0.026600835890276397
Name_Robert W Traip Trust,0.026562677004185072,0.026562677004185072
Name_North Gorham Public Library Inc.,-0.026481510339851425,0.026481510339851425
Name_Usta National Junior Tennis League Inc.,-0.026372327520341472,0.026372327520341472
City_White Plains,-0.026372327520341472,0.026372327520341472
Name_Iam-3rivers Inc.,0.026296599307238135,0.026296599307238135
City_Brooklin,-0.026225889011369304,0.026225889011369304
Name_Friend Memorial Public Library Inc.,-0.026225889011369304,0.026225889011369304
City_East Wilton,-0.02622394616681818,0.02622394616681818
Name_Western Maine Community Action Inc.,-0.02622394616681818,0.02622394616681818
Name_Morrison Center,0.026199783681138025,0.026199783681138025
Name_Improved Order of Redmen of Maine,-0.026178440785675664,0.026178440785675664
Name_Massachusetts Moderators Association Inc.,-0.026128496059197353,0.026128496059197353
City_Haverhill,-0.026128496059197353,0.026128496059197353
Name_Bar Harbor Historical Society Inc.,-0.02578679403657628,0.02578679403657628
City_Brooksville,-0.02571326834843032,0.02571326834843032
Name_Brooksville Free Public Library Inc.,-0.02571326834843032,0.02571326834843032
Name_York Hospital,0.025608143496917136,0.025608143496917136
Name_Creative Works,0.02558945934558058,0.02558945934558058
Name_Spurwink Services Incorporated,0.02539314639720934,0.02539314639720934
Name_Crisis and Counseling Centers Inc.,-0.02533259826455311,0.02533259826455311
City_Eagle Lake,0.025253494676647743,0.025253494676647743
Name_Mercy Hospital,0.025251414929510517,0.025251414929510517
Name_Kennebunk Beach Improvement Association,-0.025186125638434562,0.025186125638434562
Name_Haystack Mountain School of Crafts,-0.02509731916772929,0.02509731916772929
Name_Warren Memorial Foundation,0.024931161972301753,0.024931161972301753
"Classification Code_EO,LODGE",0.02484321694640586,0.02484321694640586
Name_Lincoln Academy,0.024782181410933305,0.024782181410933305
City_Bridgton,-0.02434772740889863,0.02434772740889863
Name_Coopers Mills Volunteer Fire Department,-0.024271461837247172,0.024271461837247172
City_Coopers Mills,-0.024271461837247172,0.024271461837247172
City_Randolph,-0.024247932270140563,0.024247932270140563
Name_Safe Haven Residential Services Inc.,-0.024247932270140563,0.024247932270140563
Name_Kennebunk Kennebunkport Athletic Boosters,-0.024186480640226358,0.024186480640226358
Name_Aroostook County Action Program Inc.,-0.024167294105344135,0.024167294105344135
Name_Abbe Museum,0.024073302481307998,0.024073302481307998
Name_Stockton Springs Historical Society Inc.,-0.02381773708606066,0.02381773708606066
City_Stockton Spgs,-0.02381773708606066,0.02381773708606066
City_China,0.02381105876585675,0.02381105876585675
Name_Erskine Academy,0.02381105876585675,0.02381105876585675
Name_Restoration of Hope Church Ministries,-0.023791960240835765,0.023791960240835765
City_Roxbury,-0.023791960240835765,0.023791960240835765
Name_Aroostook Mental Health Services Inc.,-0.023675446916305454,0.023675446916305454
Name_Gould Academy,0.023564584471517647,0.023564584471517647
Name_Portland Seamens Friend Society,-0.0235158796354734,0.0235158796354734
Name_Lincoln Home,0.023448935990063282,0.023448935990063282
City_Dresden,0.0233872342769772,0.0233872342769772
Name_Bridge Academy,0.0233872342769772,0.0233872342769772
Name_Mount Desert Island Biological Laboratory,-0.023380631404953174,0.023380631404953174
City_Salsbury Cove,-0.023380631404953174,0.023380631404953174
City_Georgetown,-0.023377069635027146,0.023377069635027146
Name_Georgetown Volunteer Fire Department Inc.,-0.023377069635027146,0.023377069635027146
Name_Home for the Aged,0.02333732268419091,0.02333732268419091
Name_Kennebec Valley Mental Health Center,-0.023241897662635232,0.023241897662635232
Name_Plummer Memorial Hospital,0.02323909634634598,0.02323909634634598
City_Dexter,0.02323909634634598,0.02323909634634598
State_NJ_False,-0.022970152657306103,0.022970152657306103
Name_Quarry Hill,0.022855673828605014,0.022855673828605014
Name_Seniorsplus,0.022805498326941707,0.022805498326941707
State_SC_False,-0.022775173582627265,0.022775173582627265
Name_Araxine Wilkins Sawyer Foundation Donald H Rose,-0.022766694291041722,0.022766694291041722
City_Greene,-0.022766694291041722,0.022766694291041722
Name_Seventy-Five State Street,0.022712203959291192,0.022712203959291192
Name_Lee Academy,0.022671509140110322,0.022671509140110322
Name_Maine Humanities Council,0.02224087545533036,0.02224087545533036
Name_Childrens Nursery School,0.022240318241355816,0.022240318241355816
Name_Maine Historical Society,0.022234668635015272,0.022234668635015272
City_Saint Albans,0.022168552827958248,0.022168552827958248
Name_Skills Inc.,0.022168552827958248,0.022168552827958248
Name_Husson University,0.022010563487196173,0.022010563487196173
Name_First Congregational Church of Farmington,-0.022002892837198786,0.022002892837198786
State_FL_True,-0.021989809559491334,0.021989809559491334
City_Vero Beach,-0.021989809559491334,0.021989809559491334
Name_Cornelia Warren Community Assn Inc.,-0.021989809559491334,0.021989809559491334
Name_Harbor House Community Service Center,-0.021964106229148073,0.021964106229148073
Name_Sexual Assault Response Services of Southern Maine,-0.021954514217671008,0.021954514217671008
Name_Congregational Church of South Bridgton,-0.021946701134242182,0.021946701134242182
Name_Lincoln Loan Fund,0.021906958674773304,0.021906958674773304
City_Fayetteville,0.021906958674773304,0.021906958674773304
Name_Masonic Temple Assoc,0.02154649936527306,0.02154649936527306
Name_Hattie A & Fred C Lynam Trust 64,-0.021471318661764518,0.021471318661764518
City_Concord,-0.021471318661764518,0.021471318661764518
Name_Kennebec Valley Community Action Program,-0.021427522620929357,0.021427522620929357
State_CA_False,0.021382678816147187,0.021382678816147187
Name_Deborah Lincoln House,0.021231723620165517,0.021231723620165517
Name_Androscoggin Home Health Services Inc.,-0.02104850735862526,0.02104850735862526
Name_East Lebanon Vol Fire Department Inc.,-0.0209885482918423,0.0209885482918423
City_Lebanon,-0.0209885482918423,0.0209885482918423
Name_Southern Kennebec Child Development Corporation,-0.020954940198549144,0.020954940198549144
City_Farmingdale,-0.020954940198549144,0.020954940198549144
Class_Prefix_GR_False,0.02089631912277677,0.02089631912277677
City_Boothbay Hbr,-0.020888997378744743,0.020888997378744743
Name_Boothbay Harbor Memorial Library Association,-0.020888997378744743,0.020888997378744743
City_Waterville,0.020769477355940244,0.020769477355940244
Name_First Parish Cemetery Assoc -york Cemetery-,-0.02073341630271234,0.02073341630271234
City_Blue Hill,-0.02069276280301896,0.02069276280301896
Name_Camden Association for Handicapped Citizens,-0.020614490904245844,0.020614490904245844
Name_Androscoggin Valley Council of Governments,-0.02057540665979002,0.02057540665979002
Name_Plant Memorial Home,0.020501874762871197,0.020501874762871197
Name_Waterville Area Boys & Girls Club,-0.020466820483467173,0.020466820483467173
Name_Laurel Hill Cemetery Association,-0.02042803696557908,0.02042803696557908
Name_Ancient Free & Accepted Masons of Maine,-0.02042160567102757,0.02042160567102757
Name_Aroostook Area Agency on Aging Inc.,-0.02042028023972215,0.02042028023972215
Name_Order of the Eastern Star of Maine,-0.020414683055876265,0.020414683055876265
City_Steep Falls,-0.02020185904034188,0.02020185904034188
Name_Ervin A Center Memorial Clinic Hospital,-0.02020185904034188,0.02020185904034188
Name_South Blue Hill Cemetery Association Inc.,-0.02008787254606157,0.02008787254606157
City_Mechanic Fls,-0.01973729757054432,0.01973729757054432
Name_Pine Grove Cemetery of Poland Maine Inc.,-0.01973729757054432,0.01973729757054432
Name_Halfway House Inc.,0.019687596741735307,0.019687596741735307
Name_The Portland Club,0.019301172207100554,0.019301172207100554
City_Rumford,0.01911337173735268,0.01911337173735268
Name_Levey Day School,0.018936278478225745,0.018936278478225745
Name_Greater Portland Christian School Association,-0.018910255023432285,0.018910255023432285
City_S Portland,-0.018910255023432285,0.018910255023432285
Name_Animal Refuge League of Greater Portland,-0.01878401775827296,0.01878401775827296
Name_Southwest Harbor-Tremont Nursing Service Inc.,-0.018764419150834655,0.018764419150834655
Name_United Way Inc.,0.018575615102209977,0.018575615102209977
City_E Vassalboro,0.01847784231921797,0.01847784231921797
Name_Oak Grove School,0.01847784231921797,0.01847784231921797
Name_The First Congregational Society in Edgecomb,-0.018397672131786277,0.018397672131786277
City_Edgecomb,-0.018397672131786277,0.018397672131786277
Name_Riverside Cemetery Association of Brunswick Maine,-0.017503309257638194,0.017503309257638194
Name_United Way of Androscoggin County Inc.,-0.017400056175089697,0.017400056175089697
Name_Maine Childrens Home for Little Wanderers,-0.017395617205705077,0.017395617205705077
Name_President and Trustees of Bates College,-0.017055645050398662,0.017055645050398662
State_MA_True,0.016947774371967473,0.016947774371967473
City_Whitneyville,-0.016803394555177712,0.016803394555177712
Name_Whitneyville Library and Whatnot Association Inc.,-0.016803394555177712,0.016803394555177712
Name_Breakwater Learning,0.0166682595456802,0.0166682595456802
City_Kennebunkport,-0.016434598406650527,0.016434598406650527
Name_New England Electric Railway Historical Society,-0.016434598406650527,0.016434598406650527
Name_Portland Ovations,0.016028968508455657,0.016028968508455657
Name_Waynflete School,0.01571653236802569,0.01571653236802569
Name_Victoria Mansion,0.01571641211054468,0.01571641211054468
Name_Hancock County Trustees of Public Reservations,-0.015583352412332245,0.015583352412332245
Name_Bangor Theological Seminary,0.015264466082782691,0.015264466082782691
Name_Maine Maritime Academy Alumni Association Incorporated,-0.015217825714950334,0.015217825714950334
Name_For Developmental Resources,0.015001471422004115,0.015001471422004115
Name_Project Feed,0.014567950777753181,0.014567950777753181
Name_Portland Chevra Kadisha A Maine Nonprofit Corp - T13-B,-0.014392023122927377,0.014392023122927377
City_Gorham,0.014036242846877874,0.014036242846877874
Name_Old Orchard Beach Free Public Library Association,-0.014006719116592363,0.014006719116592363
City_Old Orchd Bch,-0.014006719116592363,0.014006719116592363
Name_Simmons Foundation Inc.,0.0137292847323559,0.0137292847323559
Name_Young Mens Christian Association State of Maine,-0.013698674686748675,0.013698674686748675
City_Winthrop,-0.013698674686748675,0.013698674686748675
State_CA_True,-0.013415384426285365,0.013415384426285365
City_San Diego,-0.013415384426285365,0.013415384426285365
Name_Religious Science Church Center of San Diego,-0.013415384426285365,0.013415384426285365
Name_Ministerio Apostolico Jesucristo Es El Senor Inc.,-0.013159561439909711,0.013159561439909711
City_Lawrence,-0.013159561439909711,0.013159561439909711
Class_Prefix_GR_True,-0.01292902473291496,0.01292902473291496
Classification Code_GROUP,-0.01292902473291496,0.01292902473291496
Name_Maine Parent Teacher Association Inc.,-0.01292902473291496,0.01292902473291496
City_Auburn,0.012508493976634717,0.012508493976634717
Name_Tri-County Lighthouse Baptist Church & Ministries Inc.,-0.012037900156695265,0.012037900156695265
City_Deerfield St.,-0.012037900156695265,0.012037900156695265
Name_Rockland District Nursing Assn Inc.,-0.011947844095769482,0.011947844095769482
City_New York,-0.011854357425557552,0.011854357425557552
Name_Skowhegan School of Painting and Sculpture Inc.,-0.011854357425557552,0.011854357425557552
Name_Maine State Society for the Protection of Animals,-0.011717705653940862,0.011717705653940862
City_South Windham,-0.011717705653940862,0.011717705653940862
Name_Blue Hill Society for Aid to Children Inc.,-0.011485526240932097,0.011485526240932097
Name_Ancient Free & Accepted Masons of Maine Grand Lodge,-0.011453755391159396,0.011453755391159396
City_Holden,-0.011453755391159396,0.011453755391159396
City_Mount Desert,-0.011423659694215212,0.011423659694215212
City_Hope,-0.01129130436965309,0.01129130436965309
Name_South Hope Community Church & Christian School Inc.,-0.01129130436965309,0.01129130436965309
Name_Memorial Ambulance Corps Isle Au Haut-Stonington-Deer Isle,-0.010951662150374863,0.010951662150374863
state_freq_log,0.010880484377285565,0.010880484377285565
City_Gardiner,0.010805200213641017,0.010805200213641017
Name_Portland Electrical Joint Apprenticeship & Training Fund,-0.010312435294345196,0.010312435294345196
state_freq,0.010169248091365747,0.010169248091365747
Name_Aroostook County Historical and Art Museum of Houlton,-0.009996785910871876,0.009996785910871876
City_Brunswick,-0.009706196988013283,0.009706196988013283
State_ME_True,0.009702053739491887,0.009702053739491887
Name_Smart-Soucie Post 176 the American Legion Department of Maine,-0.009185070526305173,0.009185070526305173
State_MA_False,-0.008980479982105579,0.008980479982105579
Class_Prefix_UN_False,0.00796729438986186,0.00796729438986186
State_TX_False,0.00796729438986186,0.00796729438986186
State_VT_False,0.00796729438986186,0.00796729438986186
State_DC_False,0.00796729438986186,0.00796729438986186
State_MD_False,0.00796729438986186,0.00796729438986186
Name_Order of the Eastern Star of New Hampshire Grand Chapter,-0.0071662098225877486,0.0071662098225877486
City_Nashua,-0.0071662098225877486,0.0071662098225877486
Name_The Grand Council of Royal and Select Masters of the State,-0.007112337116537973,0.007112337116537973
"Classification Code_EO,GROUP",-0.005934310969602572,0.005934310969602572
Name_Department of Maine Veterans of Foreign Wars of the United States,-0.005934310969602572,0.005934310969602572
City_Sebago,0.0058617654625208685,0.0058617654625208685
City_York,0.004874727194204804,0.004874727194204804
Name_Mount Desert Isle Chapter of the National Society of the Daughters,-0.0045337473775021375,0.0045337473775021375
Name_Smith Tobey Post N0 Twenty One of Dept of Maine American Legion Inc.,-0.00431199782053422,0.00431199782053422
City_Houlton,-0.003817555691623045,0.003817555691623045
City_Ellsworth,-0.0038130915233809855,0.0038130915233809855
EIN,0.003123401456132017,0.003123401456132017
City_Ne Harbor,0.0019304810171611674,0.0019304810171611674
State_ME_False,-0.0017347593496300974,0.0017347593496300974
